Omega Gfx - 5 Samyc;5 Samyc - Omega Gfx
Jan Aberg;Aberg, Jan
K. Afendikov - V. Rubcov;Afendikov, K. - Rubcov, V.
F. Ainley;Ainley, F.
Alien - The New Dimension;Alien - New Dimension, The
Nikola Alivojvodic;Alivojdovic, Nikola
Nikola, Alivojvodic;Alivojdovic, Nikola
Simon Allan;Allan, Simon
alone Coder;Alone Coder
Stalker - Alone Coder;Alone Coder - Stalker
Mac - Amst;Amst - Mac
MB - APG;APG - MB
Chris Armitage;Armitage, Chris
Toni Arnold;Arnold, Toni
Assassin, Time;Assassin Time
Ate Bit;ate Bit
ate bit;ate Bit
Kiselev V.S. - Averbuh I.V.;Averbuh, I.V. - Kiselev, V.S.
Ayland;AYLand
Factor6 - AY-Riders;AY-Riders - Factor6
Baldomero Garcia;Baldomero, Garcia
Jorge Perez Barreiro;Barreiro, Jorge Perez
Michael Bayer;Bayer, Michael
Alexandr Belan;Belan, Alexandr
Software, Bellend;Bellend
Antonio Bermudez;Bermudez, Antonio
J.A. Bertran;Bertran, J. A.
nik-o - bfox;bfox - nik-o
Black Cat - Buddy - wbr - Denis Grachev;Black Cat - Buddy - Grachev, Denis - wbr
Bodrov V.;Bodrov, V.
Vadim Bodrov;Bodrov, Vadim
Bogdanov V.G.;Bogdanov, V.G.
Sergey, Borozdin;Borozdin, Sergey
P. Boulton;Boulton, P.
br0mba;Br0mba
brutal Creators;Brutal Creators
Tony Bryan;Bryan, Tony
Jesse Burneko;Burneko, Jesse
Equinox - Busy;Busy - Equinox
M-Beaton - Busy - Fuxoft;Busy - Fuxoft - M-Beaton
John Byrd;Byrd, John
C&VG (Gamebook);C&VG
Adam Cadre;Cadre, Adam
Productions, Cagarro;Cagarro Productions
Irene Callaci;Callaci, Irene
Jeff Cassidy - Christopher E. Forman;Cassidy, Jeff - Forman, Christopher E.
cassiopeia;Cassiopeia
castor Cracking Group;Castor Cracking Group
catmeouws;Catmeows
Jonathan Cauldwell;Cauldwell, Jonathan
LOSW - Centronix;Centronix - LOSW
Zarko Cerovecki;Cerovecki, Zarko
The Chart Team;Chart Team, The
Rybread Celsius - Cody Sandifer;Cody Sandifer - Rybread Celsius
compiuter;Compiuter
Computer Partnership , The;Computer Partnership, The
Computer Work Company;Computer Work
Conver-Utility;CONVER-Utility - LOGPROS
Pete Cook;Cook, Pete
Pete Cooke;Cooke, Pete
David A. Cornelson;Cornelson, David A.
Carlos Correia;Correia, Carlos
Robbie Coull;Coull, Robbie
Design Design - Crash;Crash - Design Design
Digital Integration - Crash;Crash - Digital Integration
Elite Systems - Crash;Crash - Elite Systems
Empire - Crash;Crash - Empire
Firebird - Crash;Crash - Firebird
Gremlin Graphics - Crash;Crash - Gremlin Graphics
Hewson Consultants - Crash;Crash - Heewson Consultants
Incentive - Crash;Crash - Incentive
Mind Games - Crash;Crash - Mind Games
Ocean - Crash;Crash - Ocean
Quicksilva - Crash;Crash - Quicksilva
Zeppelin Games - Crash;Crash - Zeppelin Games
Gavin Hamill - Richard Crawford;Crawford, Richard - Hamill, Gavin
software, cruddy;cruddy software
Adam G. Crutchlow;Crutchlow, Adam G.
CyberPunks Unity;CyberPunks
Cyberpunks Unity;CyberPunks
D&Kdevelopments;D&K Developments
M0r0zz, D.;D. M0r0zz
"""Amigaman"", David";David 'Amigaman'
Barron , De;De Barron
Wit Productions , De;De Wit Productions
tayle - debris;debris - tayle
Croup, deVandemar;deVandemar Croup
The Devil;Devil, The
Ignacio Diaz;Diaz, Ignacio
Dimiksoft;DimikSoft
mAsTeR, DrUnKeN;DrUnKeN mAsTeR
Dunn, Paul 'Dunny' - Dunn, Eddie;Dunn, Eddie - Dunn, Paul 'Dunny'
Jason Dyer;Dyer, Jason
Quasar - Eclipse;Eclipse - Quasar
The Edge - MicroHobby;Edge, The - MicroHobby
V., Eliseev;Eliseev, V.
M.R. Soft - Emergency Brake;Emergency Brake - M.R. Soft
Rob Erlich;Erlich, Rob
Rush - ETC Group & Style;ETC Group & Style - Rush
MegaCode - Extreme;Extreme - MegaCode
Sage Group - Extreme;Extreme - Sage Group
gasman - factor6;factor6 - gasman
Jeremy Farnham;Farnham, Jeremy
Fawley, Turner - Falwley, Richard;Fawley, Richard - Fawley, Turner
Nikolay Feborov;Feborov, Nikolay
Kuzma, Feskov;Feskov, Kuzma
Hartmut Fiebig;Fiebig, Hartmut
The Firm;Firm, The
Julian Fleetwood;Fleetwood, Julian
timewasters - Focus;Focus - timewasters
Christopher E. Forman;Forman, Christopher E.
P.C. Forster;Forster, P.C.
Greppo Franko;Franko, Greppo
Jonathan Fry;Fry, Jonathan
g0blinish - Den Popov - Macros;g0blinish - Macros - Popov, Denis
Janusz Gajewicz;Gajewicz, Janusz
Aitor Gomez Garcia;Garcia, Aitor Gomez
The Gasman;Gasman
Robert Gay;Gay, Robert
Michael S. Gentry;Gentry, Michael S.
Mark Gipson;Gipson, Mark
Grzegorz Gola;Gola, Grzegorz
Golden Disk Corp;Golden Disk
Golden Disk Corporation;Golden Disk
Golden Dreams Group;Golden Dreams
Barbarian, Ganad The;Gonad The Barbarian
Barbarian, Gonad The;Gonad The Barbarian
Malcolm Goodman;Goodman, Malcolm
J K Gosden;Gosden, J.K.
Kez Gray;Gray, Kez
Ashley Greenup;Greenup, Ashley
H. de Groot;Groot, H. de
Ivan Gudkov;Gudkov, Ivan
D.W. Guest;Guest, D.W.
The Guild;Guild, The
Mike Hampson;Hampson, Mike
Harry M. Hardjono;Hardjono, Harry M.
Javier Herrera;Herrera, Javier
O. Hohlov - E. Milun;Hohlov, O. - Milun, E.
Hooy-Program;HOOY-PROGRAM
Jim Hossack;Hossack, Jim
Gary Howland;Howland, Gary
Christopher Huang;Huang, Christopher
Fenris Hugbunadur;Hugbunadur, Fenris
Watson, Andy - Hughes, Dave;Hughes, Dave - Watson, Andy
Alexey Inozemcev;Inozemcev, Alexey
Ivanov Alexey;Ivanov, Alexey
Klaus Jahn;Jahn, Klaus
Janez Jaklic;Jaklic, Janez
Christopher James;James, Christopher 
Robert Janelle - Brad O'Donnell;Janelle, Robert - O'Donnell, Brad
Techno Lab - Jeez;Jeez - Techno Lab
Paul Johnson - Steve Owens;Johnson, Paul - Owens, Steve
M.H. - K.S. - Slot;K.S. - M.H. - Slot
kabardcomp;Kabardcomp
Achim Kern;Kern, Achim
Christopher Klimas;Klimas, Christopher 
Klokov I.B.;Klokov, I.B.
V. Yeliseyev - S. Kokunov;Kokunov, S. - Yeliseyev, V.
Klaus Kopecz;Kopecz, Klaus
Zdravko Kos;Kos, Zdravko
Z. Kosina;Kosina, Z.
Anestis Koutsoudis;Koutsoudis, Anestis
Koutsodis, Anestis;Koutsoudis, Anestis
Sergey Krinitsin;Krinitsin, Sergey
Clas Kristiansson;Kristiansson, Clas
Sergey Krutyko;Krutyko, Sergey
kweepa;Kweepa
J.A. Lajarin;Lajarin, J. A.
Young, Chris - Lake, Phillip;Lake, Phillip - Young, Chris
Gary Lancaster;Lancaster, Gary
Sergey Lisitsin;Lisitsin, Sergey
Wlodzimierz Lon;Lon, Wlodzimierz
The Lords;Lords, The
M.A. Lovell;Lovell, M.A.
Lycett, Anthony 'monty.mole';Lycett, Anthony 'Monty Mole'
P. Macey;Macey, P.
Peter Machala;Machala, Peter
The Mad Guys - Sinclair User;Mad Guys, The - Sinclair User
The Mad Guys - Your Sinclair;Mad Guys, The - Your Sinclair
H. Maier;Maier, H.
Vladimar Makys;Makys, Vladimar
Gustavo Marin;Marin, Gustavo
Chris Markwyn;Markwyn, Chris
Artur Marques;Marques, Artur
Joe Mason;Mason, Joe
Pilot Soft - Matysoft;Matysoft - Pilot Soft
C.W. May;May, C.W.
Holmes McDougall;McDougall, Holmes
MDF hacker;MDF Hacker
Conrado Badenas Mengod;Mengod, Conrado Badenas
John Menzies;Menzies, John
Jochen Merz;Merz, Jochen
Jacek Michalak;Michalak, Jacek
Virgin Mastertronic - MicroHobby;MicroHobby - Virgin Mastertronic
Richards, Graham - Millar, Darren;Millar, Darren - Richards, Graham
Twins, Mojon;Mojon Twins, The
Twins, The Mojon;Mojon Twins, The
P. Monger;Monger, P.
Dominic Morris;Morris, Dominic
naughty Crew;Naughty Crew
Yuri Nazarenko;Nazarenko, Yuri
Jeremic Nebojsa;Nebojsa, Jeremic
Kevin Norton - Brandon Myers;Norton, Kevin - Myers, Brandon
rook - nq;nq - rook
Nyitral, Laszlo;Nyitrai, Laszlo
Laszlo Nyitrai;Nyitrai, Laszlo
NuitraiSOFT;NyitraiSOFT
Nyitraisoft;NyitraiSOFT
Dylan O'Donnell;O'Donnell, Dylan
Mike Oliphant;Oliphant, Mike
Conor O'Neill;O'Neill, Conor
Mike O'Neill;O'Neill, Mike
Owen, Andrew - O'Neill, Rick;O'Neill, Rick - Owen, Andrew
Juan Palacio;Palacio, Juan
Tutty - Paradise;Paradise - Tutty
Marnie Parker;Parker, Marnie
J, Paul;Paul J
Percival, Jamie Scribbler;Percival, Jamie 'Scribbler'
Max Petrov;Petrov, Max
Udo R. Pfeifer;Pfeifer, Udo R.
Andy Phillips;Philips, Andy
D.H. Phillips;Phillips, D.H.
Michael S.Phillips;Phillips, Michael S.
Chris Pile;Pile, Chris
Artur Podtelkoff;Podtelkoff, Artur
Softenterprise - Artur Podtelkoff;Podtelkoff, Artur - Softenterprise
John Prince;Prince, John
Proxima Hackers Team;Proxima Hackers
Maureen Putnam;Putnam, Maureen
ZX-Legion - Rage;Rage - ZX Legion
The Ramjam Corporation;Ramjam Corporation, The
Tony Raugas;Raugas, Tony
J. Weigner - M. Reimann;Reimann, M. - Weinger, J.
The Rockonerz;Rockonerz, The
C. Rodriguez;Rodriguez, C.
Stalker - Ivan Roschin;Roschin, Ivan - Stalker
Ivan Roshin;Roshin, Ivan
Fraser Ross;Ross, Fraser
Garry Rowland;Rowland, Garry
Daniel Sailer;Sailer, Daniel
C., Salvador;Salvador, C.
Juan Sanchez;Sanchez, Juan
Corporation, Santiago Romero Under Contract With Microxoft;Santiago Romero Under Contract With Microxoft Corporation
Gunther Schmidl;Schmidl, Gunther
Aslett Scholey;Scholey, Aslett
Hartmut Seba;Seba, Hartmut
F. Shillito;Shillito, F.
Alexandru Simion;Simion, Alexandru
Softcat Micros - Sinclair User;Sinclair User - Softcat Micros
U.S. Gold - Sinclair User;Sinclair User - U.S. Gold
Vortex - Sinclair User;Sinclair Usr - Vortex
Zenobi - Sinclair User;Sinclair Usr - Zenobi
Chris Skapura;Skapura, Chris
Michael Slatford;Slatford, Michael
Sminrnov, Dmitry;Smirnov, Dmitry
Chris Smith;Smith, Chris
speccy Boyz;Speccy Boyz
Speccy.pl;speccy.pl
M.V. Spiridonenko;Spiridonenko, M. V.
D.R. Stone;Stone, D.R.
Dalibor Sver;Sver, Dalibor
Jesus Tejero;Tejero, Jesus
Kevin Thomas;Thomas, Kevin
Adam Thornton;Thornton, Adam
Simon Tillson;Tillson, Simon
Scene+;Timex
Timex Computer Corporation;Timex
Alexander Tkachev;Tkachev, Alexandr
David Todd;Todd, David
Greg Turnbull;Turnbull, Greg
Software, Unsatisfactory;Unsatisfactory
Unsatisfactory;unsatisfactory
Zuheir Urwani;Urwani, Zuheir
V.O.software;V.O. Software
Arnost Vecerka;Vecerka, Arnost
Carlo Maria Vireca;Vireca, Carlo Maria
M.V. Vishnevsky;Vishnevsky, M. V.
M. de Vries;Vries, M. de
Franklin Watts;Watts, Franklin
Matthew Westcott;Westcott, Matthew
Arnold Wheaton;Wheaton, Arnold
ZX-Legion - Wolfsoft;Wolfsoft - ZX Legion
Mark Woodmass;Woodmass, Mark
ZX-Legion - X-Team;X-Team - ZX Legion
Jonathan Yeomans;Yeomans, Jonathan
Daniel S. Yu;Yu, Daniel S.
Ansgar Zerfass;Zerfass, Ansgar
Michael Zey;Zey, Michael
Igor Zrinski;Zrinski, Igor
ZXstudio;ZX-Studio
#speccy;
02-S Soft;
1024K Studio;
16-48 Magazine;
16-48 Tape Magazine;
2.99 Classics;
21st Century Electronics;
2DOX;
39 Steps;
3CCorp;
3PSOFT;
3SC;
3T;
48K;
4CLRC SOFT;
4Mation Educational Resources;
4OCrisis;
4-Sight Computing;
4th Dimension;
4th Dimension - CondorSoft - Phantom Family;
5 Samyc;
5D;
5th Dimension;
7 Gods;
8th Day;
A&N Projects;
A. Biglin;
A. Cano;
A. Soft;
A.A. Barulin;
A.B. Wang;
A.B.C. - Abaran;
A.C.E.;
A.C.E. Publications;
A.D.;
A.G.C.;
A.J. Robinson;
A.J.Moss;
A.J.R. Heading;
A.K.;
A.P.T.;
A.R.V.;
AAA;
AAA Band;
AAABand;
AAABand Group;
Aackosoft;
Aardvark of Hartlepool;
Aasvoguelle Productions;
Abacus;
Abacus Programs;
Abbex Electronics;
Abbott, I.J.;
ABC Soft;
Abersoft;
Ablaev, Sergey;
Abraido, Jon Cortazar;
Abrasco;
Abrimaal;
Absinthe Boy;
absinthe_boy;
Abstract Concepts;
AC;
AC Data Games;
Academy Coders;
AcademySoft;
Accept;
Accept Corp;
Accolade;
Accolade - Crash;
Accord Data International;
ACD;
ACD Computer Services;
ACE;
Ace;
ACE Services;
Acid Team;
ACME;
ACP;
ACS;
Action;
Action Sixteen;
Activision;
Acton, R.;
ACZ;
Adam;
Adam Enterprises;
Adametz, Otto;
Adams, Barry;
Adams, N.;
Adams, Sean;
Adams, Stephen;
Adcock, T.J.;
Addictive Games;
Addictive Games - Sinclair User;
Addison-Wesley;
Addison-Wesley Productions;
Add-On Electronics;
Adimirov, Max;
ADJB;
Admiral;
Adramelek;
Adrian;
Adriano;
Adsoft;
Advance Promotions;
Advanced Adventure Creations;
Advanced Computer Exotic;
Advanced Memory Systems;
Advent, James;
Adventure;
Adventure Club, The;
Adventure International;
Adventure Probe;
Adventure Workshop, The;
Adventure Writer;
Adventurers Anonymous;
Adventuresoft UK;
Adventuresoft UK - Sinclair User;
AER;
Afendikov, Konstantin;
AFI;
AFM;
AG;
Agaev, Edlar;
Again Again;
AGD;
AGE & EGA;
Agent-X;
AGF Hardware;
Agrupacio Astronomica de Barcelona Aster;
AGS;
Aguev, E.;
Aguirre, Alfonso;
AH;
Ahmed, K.;
Ahrens, Holger;
AIG;
Ainley, F.;
AiR;
Air;
Air & Rainbow;
Airline;
Airsoft Development;
Airwaves;
Ais;
Akadimias;
Akasaka;
AKM Soft;
Akom;
Akron;
AK-Soft;
Alan's;
Alboran70;
Alchemist;
Alchemist PD;
Alchemist Research;
Alchemy;
Aldrich, Mike;
Aldridge, Ian;
Aldridge, Nick;
Alea;
ALEAsoft;
Alem;
Alesoft;
Alex Art;
Alex Norman - GDM;
Alexander Computing Systems;
Alexander, Mark;
Alfa Soft;
Alff - CPU;
Alfo;
Alford, Brendan;
Algray;
Alien;
Alien Factory;
Alimandi, Luca;
Alisoft;
Alivojvodic, Nikola;
ALKO;
Alkohol Soft;
Allanson Computing;
Allen, J.M.;
Alliance Team;
Alligata;
Allwood, Philip;
Alo Soft;
Alone Coder;
Aloysius Beltway;
Alpha;
Alpha Computer Products;
Alpha Systems;
Alphabatim;
Alpha-Omega;
AlphaPlus Educational;
Alphasoft;
Alphoid;
ALS & RLS;
Altair;
Alter World;
Alternative;
Alto-Tech;
Altwasser, Richard Francis;
Alvarez, Miguel Angel Gonzalez;
Alvin Albrecht;
ALZ;
AM Electronics;
Amadeus Voxon;
Amador, Javier;
Amaltiya;
Amazing Games;
Amazing Making;
Amazon Systems;
Amba;
AME;
Americana;
Ametist;
Amfas Computer;
AmiGanS;
Amilton;
Amisin;
Amoeba;
Amore, Gabriele;
AMSOFT;
AmSoft;
Amstrad;
Amstrad Sinclair Ocio;
Am-Tec;
Anarchia;
Anarchy Soft;
Ancient Bits;
Anco;
Andani, Jose Francisco;
Andead Programming;
Anderson, R.;
Andersson, Stefan;
Andic;
Andreas Niemann;
Andreas Zallmann;
Andrew Collier;
Andrew Katz;
Andrew Plotkin;
Andrew771;
Andromeda;
Andy;
A'n'F;
Angers Informatique Service;
Anik Microsystems;
Anima Scientific Computing;
Animagic;
Anirog;
Annvic Racing Advisory Services;
Anokhin, Pavel;
Anonymous;
Ansdell, M.;
Ant;
Antares;
Antelo, Sebastian Gomez;
Anthraxx Developments;
Antic;
Antipod;
Antisoft;
Antok;
Anubis;
Anvil Computing;
Anwi;
APA;
Apeano;
Apenao;
Aperks;
Apina;
Apocalypse;
Apogee Games;
Appleby Structured Systems;
Appledean Systems;
Applications Specialities;
AP's Adventures;
APSIS;
Aqua Soft;
Aquarious Edizioni;
Aquarius;
Aquarius Edizioni;
Arab, Niall De;
Araque, Esteban Porqueras;
Arcade;
Arcade Age;
Arcadia;
Arcana Design;
Archer, Keith;
Arcot;
Arda;
ARDENT;
ardentcrest;
Ardo;
AREAsoft;
Arely, J.;
Arena;
Arghsoft;
Argila, J.;
Argus Press;
Arh. Zivotic;
Ariola Eurodisc;
Ariolasoft UK;
Arkham;
Armadillo Soft;
Armstrong, Ian;
Arno;
Arnsvik-Data;
Aron, Joseph;
Arrow;
Arrowsoft;
ARS;
Arsema;
Arston;
ART;
Art Studio;
Art, Alex;
Artic Computing;
Artice;
Artwork;
Aryxoft;
Asbrock, Dieter;
Ascendancy;
Ash Byproducts;
Ashler, Baron;
Ashleysoft;
Ashton, David;
Asirus;
ASK;
Asoft;
A-Soft;
ASP;
Asphyxia;
Aspic;
Aspinall, David;
Assassin;
Assender, K.;
Astor;
Astra;
Astral;
Astro;
Astro Programmes;
Astrocalc;
Astros Productions;
Astro-Service Maitenbeth;
Astrosoft Games;
Asylum Games;
Atarisoft;
ate Bit;
Atek;
Atkin, P.D.;
Atlantic Soft;
Atlantis;
Atlantis Gold;
Atlas Adventure;
Atomic Destruction;
Atomica;
Atrox Programming Co;
Audio Spectrum;
Audiogenic;
Audiogenic - Sinclair User;
Augen Blick;
Aurora;
Aurun;
Auryn;
Auryn Creative Group;
Austrian Spectrum Club, The;
Automata UK;
Avalon;
Avalon Computing;
AVB;
AVC;
Aventuras AD;
Aventuras AM;
Aventuras Espanolas;
Aventuras Level 10;
Aventuras Mitologicas;
Avery, Simon;
AVG Records;
Aviation Computer Services;
Avonsoft;
AVP Computing;
AW;
AWA;
Awk;
AWS;
Axel Soft;
Axelsoft;
Axis;
Axoft;
Axxent;
AY Group;
AY RIDERS;
AYChip;
AYLand;
Azed;
Aztec;
B.A., Kpamapehko;
B.A.D. Games;
B.E.;
B.G. Services;
B.O.S.;
B.P. Mills;
B.P. Wheelhouse;
B.S. Cross;
B.Sides;
B.W. Friedrich;
B+H;
Babboni, Luis;
Babeta;
Bacon, Richard Mark;
Badasoft;
BadBeard;
Badge Electronics;
Baeza, Isidoro Aguilar;
Bagley, James;
Bahensky, Zbysek;
Bail, Wolfgang;
Bailey, Michael;
Bailey, Sean;
Baines, Steve;
BAJ Services;
Bajtek;
Baker, D.;
Bakersoft;
Balaganoff;
Baldomero, Garcia;
Baliasov, V.A.;
Ball, Albert;
Ball, John R.;
Ballpoint;
Balsoft Designs;
Bamby;
Banks, Deryck;
Bannister, Steven;
Bano, Cesar Hernandez;
Barber, M.;
Barber, Matt;
Barisoft;
Barn;
Barnard, R.;
Barragan, Alberto M.;
Barreiro, Jorge Perez;
Barriuso, Imanol;
Barry, Doug 'DarkHalf';
Barskiy, Evgeniy;
Bartis, B.;
Bartle Electronics;
Bartlett, R.;
Barton, James;
Base Binaria;
Base Two;
BaSe1 PrOdUcTiOnZ;
Basic;
Basic Services;
Bass-On;
Bastec;
Bat;
Bates, Neil;
Bates, Nigel;
Bauer, Thomas;
Baumsoft;
Baushkin, Alexey;
Bautista, Martin Tosas;
Baxter;
bay 6;
Bayer, Michael;
Bayliss, David;
Bazarkin, A.;
BBC;
BB-Soft;
BC Masters;
Beacon;
Beam;
Beamscan;
BEAP Associates;
Beard;
Beard, Bad;
Beau-Jolly;
Bebb, N.;
Bebbington, Shaun;
Bec Sports;
Bech, Jorgen;
Beck, Edward;
Beddoe, K.S.;
Bee, Philip;
BEEP, Dr;
Beermanz;
Beja Soft;
Bel Tech;
Bell, Gareth;
Bell, John M.;
Bell, S.;
Bell, William;
Bellend;
Bellesoft;
Bellflower;
Belltons Informatica;
Belousov, Aleksandr;
Ben Parrish;
Benedetti, Emanuele;
Benedi, Emilio Jose Grao;
Ben-Gershon, Michael;
Benishek, Ivan;
Benk, Stefan;
Benkosoft;
Benn Computer Consultants;
Bennett, Bill;
Benschop, Lennart C.;
Bensoft;
Bentley, Harold;
Berglind, Rickard;
Bergstrom, Robert;
Berman, Rodney S.;
Bernard Babani Publishing;
Berndt, Hans-Joachim;
Bernhart, Thomas;
Berrocal, Antonio Arguello;
Berry, A.P.;
Berrysoft;
Bertoldo, Thomas;
Bes;
Betasoft;
Beto;
Bett, D.;
Betterbytes;
Betts, Timothy;
Beyker Soft;
Beyond;
Beyond - Sinclair User;
Beyond Belief;
Beyond Dreams;
Beyond Horizons;
Bezemer, Hans;
bfox;
BG and SI Soft;
Bhattacharya, R.;
BH'Soft;
BIBLEchip;
Bideaux, Baptiste;
Big Al;
Big Apple Entertainment Company, The;
Big Ben;
Big Boys;
Big K;
Big Man;
bigjon;
Bignose;
Bill & Marion Clews;
Bill Gilbert;
Bill Harper;
Binary Dimension;
Binary Masters;
Binary Star Technology;
Bingham, Grant;
Bingham, P.;
BioTech;
Biotech;
Birdbrain;
Birdseed;
Birdwing;
Birger Larsson;
Bismilla;
Bitchin';
Bitmunchers;
BITS;
BJ Enterprises;
BK;
BKA;
Blaby Computer Games;
Black Cat;
Black Eagle Company;
Black Jet;
Black Knight;
Black Mountain;
Black Shark;
Black Star;
Black, Guy;
Black, Wlodek;
Blackboard;
Blackmore, J.;
Blacksoft;
Blade;
Blade - Ice'Di Griz;
Blajer, Ivan;
Blakelow;
Bland, Adrian;
Bland, Lawrence;
Bland, Nigel;
Blandford Press;
Blerkotron;
Blerkotronic;
Blews, Tony;
Blindmouse;
Blitsas, Theodore;
Block-Byte Computing;
Blood;
Blood, Andrew;
BloodBaz;
Bloodbaz;
Blue Ribbon;
Bluff Relay;
Bluston;
Boalox Informatica;
Bobek;
Bobosoft;
Bobrowski, Marek;
bobs;
Bob's Stuff;
BOCTOREH;
Bodkin;
Bodrato, Stefano;
Bodrov, Vadim;
Boettcher, D.;
Bog Brothers, The;
Bogdanovich, Andrey;
Bolokov, Juan;
Bolsoftware Communications;
Bolton, Sean;
Bond;
Bond Systems;
Bonfield, G.R.;
Boniosoft;
Bonni Mierzejewska;
Bonny Bonnet Hoods, The;
Boo, The;
Boocock, D.;
Book;
Book Club Associates;
Boom Soft;
Boomer;
Boone, Tim;
Boot;
Bootleg;
Boots;
Bordoni, Luca;
Borkowski, Marcin;
Born, Chris;
Borro, Alfonso Fernandez;
Bos, Richard;
Bosetti, Peter;
Bosoft;
Bourne Educational;
Bowden, Dave;
Bowes, J.;
Bown, P.K.;
Bowyer, A.;
Boxoft;
Boxsoft;
Boyd, Stephen;
Br0mba;
Brace, C.;
Bradders, J.;
Bradley, M.D.;
Bradway;
Brady, Stuart;
Brain Wave;
Brainbox;
Braingames;
Brainwave;
Bramley, J.S.;
Brammen, Thomas;
Brane;
Branegan, John;
Braunert, Sebastian;
Breadhill;
Brereton, R.;
Bridge;
Bridgebrook Intek;
Briggs, J.R.;
Brimardon Computer Racing Service;
Britannia;
British Micro;
British Sporting Services;
Britton, Adam;
Broad, Andrew;
Broad, James;
Broad, Steve A.J.;
Broadcast Services;
Broadsoft;
Broadway Video;
Broglie, Gerd;
BrokImSoft;
Brom;
Brooker, Clive;
Brooks, I.;
Brothers;
Brown;
Brown, Andy;
Brown, Chris;
Brown, Edwina;
Brown, J.;
Brown, Kenny;
Bruce Publishing;
Brunyee, Paul;
Brut Film;
Brutal Creators;
Bryan, Tony;
Bsoft;
Bubble Bus;
Bubblesoft;
Bubu;
Buchwald, Dirk;
Buck;
Bucket, R.;
Bucsoft;
Budder;
Budgie Budget;
Buening, Christor;
Buffer Micro;
Bugbear Games;
Bug-Byte;
Bug-Byte Premier;
bugfix;
Bugler, Ted;
Bugsy;
Buivenga, F.;
Bulba, Sergey;
Bullar;
Bulldog;
Bullough, Jason;
Bullough, Paul;
Buntasoft;
Bureau of Information Science;
Burenko, Vladimir;
Burga's Adventure;
Burke, Damien;
Burnard, Keith;
Burnham, Andrew;
Burtenshaw, Graham;
Burton, Keith;
Busse, Thomas;
Busy;
Busy Bee;
Busy Soft;
Busysoft;
Butcher, W.;
Butronics Company, The;
Buttercraft;
Butterfly;
Buzzsoft;
Byrne, Anthony;
Byron;
Bystrov, Evgeny;
Byte Back;
Byte One;
Byte Power;
Bytesize;
Byteware;
Bytewell;
Bytex;
C&C;
C&VG;
C.P.S. Games;
C.Servis Games;
Cable;
Cabron, Joe;
Cabsoft;
Cachondeo Shefwer;
Cadsoft;
Cain, J.;
Calac;
Calculex;
Caldentey, Paulina Angel;
Calisto;
Callard, Gavin;
Calpac Computer;
Calpac Educational;
Calsson, Anders;
Calzada, Gabriel Rodriguez;
Camacho, Salvador;
Cambic;
Cambridge Computing Research;
Cambridge Microcomputer Centre;
Camden Council;
Camel Micros;
Camel Products;
Cames, Francisco Javier;
Cammell, Kit;
Campbell Systems;
Campion;
Canaan;
Canadul;
Cannibal Corpse;
Cannon, Daniel;
Cantero, Salvador;
Cantrell, Mark;
Caoba;
Caple, Andrew;
Capry;
Capsoft;
Cardex;
Caris;
Carley Bros;
Carlos;
Carlsson, Anders;
Carnell;
Caro;
Caro, Oscar Amat;
Carol & Paul Bradbury;
Carr, Graham;
Carrasco, Javier Ortiz;
Carrier, Matthew;
Carrier, Matthew 'MatGubbins';
Carrium;
Carter, S.;
Carter, Stu;
Cartoon Time;
Caruso, Fabrizio;
Casarrubios, Jose Antonio;
Cascade Games;
Cascaismicro;
Cascaval, Marian;
Cassell;
Cassiopeia;
Castares, Guillermo;
Castillo, Francisco Bretones;
Castillo, Manuel Sanchez;
Castle;
Castor Cracking Group;
Casventures;
Cat, The;
Cathedral;
Cat-Man;
Catmeows;
Caubet, Josep Coletas;
Cauldwell, Jonathan;
Cavern;
CBI;
CBM;
CCP;
CCS;
CCS - Your Sinclair;
CDS;
CDS Microsystems;
CDT;
CDT Productions;
Cecomsa;
Cedilnik, Tomaz;
Celerysoft;
Celina;
Celtic;
Celyn Jones;
Centaurisoft;
Central Solutions;
Centre Divulgador de la Informatica;
Centro Studi Editoriale;
Century;
Century City;
Century Communications;
Ceran;
Chabek, Jiri;
Chad;
Chadfield, S.;
Chadwick, Chris;
Chafer, Robert;
Chainik Hackers Group;
Chalksoft;
Challenge;
Chalmers, Jon;
Chambers, D.;
Chameleon Computer Games;
Chameleon Computers;
Champ and Jason, The;
Channel 8;
Chantler, L.;
Chaos Constructions;
Chaosmongers;
Chaotic Soft;
Chapman and Beckingham;
Charles Letts & Co;
Charles, D.;
Charlish, A.E.;
Charlton Tutorials;
Charly Computers;
Charly Records;
Cheep Games;
Cheese Freak;
Cheetah Marketing;
CheetahSoft;
Chemist Soft;
ChemneSoft;
Cheprasov, B.;
Cheprasov, V.;
Cher, Oleg N.;
Cherencov, A.;
Chernyh, Viktoria;
Cheshire Micro Design;
Cheung, K.T.;
Chewsoft;
Chezron;
Chiaverano, Mariano E.M.;
Chibur;
Childrens Infatuated Computers;
Childsplay;
CHIP;
Chip - Rocky;
Chip - Rokki;
Chip & Rokky;
Chip 'n Dale;
Chip Shop, The;
Chipmunk;
Chips;
Chip-Special;
Chircov, Igor;
Choice;
chop983;
Choy, T.C.;
Chris;
Chromasoft;
Chuan-Tze Teo;
Chubarov, M.S.;
Chuck Benton;
Chudinov, Evgeny;
Church Army Resource Centre;
Church of the Latter Day Speccy;
CHURROSOFT;
CI5 The Amaters;
Cibercomp;
Ciberne;
Cibernesis;
Cibertron;
Ciceri, Eugenio;
Cichocki, Jaroslaw;
Cichorski, J.;
CIDsoft;
CIHC;
Cimatti, Paul T.;
CIR;
Circulo de Soft;
CityAceE;
Ciudadela;
CKS;
Clark, Peter;
Clarke, D.A.;
Claros, Jose Manuel;
Clasic;
Class Games;
Classic;
Classic Conflicts;
Claus Jahn;
Claw;
Clayton, Carl;
Cleva Computerware;
Clevers Group;
Clevett, Paul;
Climacus;
CLJ Industries;
Clockbyte;
Clockwize;
Cloud 10;
Cloud 9;
Cloue;
Clover Services;
Club;
Clutton, Bradley;
Clwyd Adventure;
CNGSoft;
CNS;
Coates, Ian;
Cobra;
Cobra Computer;
Cobra Soft;
Cochique&Chichari Soft;
Cockburn, Peter;
Code Busters;
Code Masters;
Code Masters Gold;
Code Masters Plus;
Codehamsters;
Codemasters - Crash;
Codemasters - Your Sinclair;
Codemasters Gold;
Codemonsters HG;
CodenameV;
Coders Academy;
Coders' Academy;
Codex;
Coding Kings;
Coedis;
Coelho, Paulo Sergio;
Cogitare Computing;
Cognito;
Coleman, Graeme;
Colic;
Coll, Ignacio Gonzalez-Cutre;
Collier, Andrew;
Collier, Edward G.;
Collier, Ian;
Collier, Ian M.;
Collier, Tom;
Collins;
Collins Educational;
Collins Soft;
Collins, Anthony;
Collins, Paul;
Collins, Paul E;
Collins, Paul E.;
Collins, Paul 'Eq.';
Collins, Paul Equinox;
Collver, Ben;
Color Magic;
Colorsoft Audiovisual;
Colossoft Research;
Coma;
CoMAD Soft;
Comet;
Command;
Commander, Ian;
Commax;
Commodore Plus;
Compact Studio;
Companion;
Compass;
Compiler;
Compiuter;
Compiuter Soft;
Compowellcome;
Compuden;
Compulogical;
Compumania;
Compusound;
Compu-Studio;
Computascope for Fun;
Computasolve;
Computer;
Computer & Centre;
Computer Adventure Studio;
Computer Choice;
Computer Climax Corporation's;
Computer Emuzone;
Computer Gamer;
Computer Games;
Computer Kontakt;
Computer Life;
Computer Magic;
Computer Novels;
Computer Publications;
Computer Rating Methods;
Computer Rats Group;
Computer Records;
Computer Services;
Computer Tutor;
Computeristic;
Computerlock;
Computermania;
Computerposter;
Computers for Education;
Computerworld;
Computing Today;
Computronic;
Comse;
Concern Chaos;
Concrete Digital Designs;
Connolly, John;
Conscience;
Consolidated Marketing;
Constellation;
Consumers' Association;
Continental;
Contrast;
Control;
Convention;
Conway, Simon Bad Beard;
Coo Coo Soft;
COOK;
Cook, Glen;
Coolguys;
Coombes, Michael;
Cooper, Darren;
Cope, L.;
Copecz, Klaus;
Copland, J.;
Copland, Margaret;
Copper Feet;
Copyright Control;
Coral;
Corbishley, P.M.;
Corcy, Adban de;
Cornhill Services;
Corporation AS-DS;
Corrado Zanella;
Correia, Carlos;
Corrupt Code;
Corry, Stephen;
Corwen Computer Systems;
Cosine Systems;
Cosmic;
Cosmic Pop;
Costa, Rafael Vico;
Costello, James;
Cottage Computing;
Cotterill, Tony;
Coulson, T.;
Counsell, M.H.;
Courbois;
Court;
Cowell, D.;
Cowl Systems;
Cowley, Chris;
Cowley, M.;
Cowling, David;
Cox, James;
Cox, Steven;
Coxsoft;
CP;
CPL Computer Plus Soft GmbH;
CPL Computing;
CPS;
CPU;
Crackfiend;
Crackhawk, Var;
Cracking;
Craft, Edward J.;
Craig Communications;
Craigmount Computer Centre;
Crapman;
Crapsoft;
Crash;
Crash Nicker;
Crawford, Karl;
Craythorn, S.;
Crazy Soft;
Crazy Studio;
Crazytronic;
CRC;
Cream147;
Create Soft;
Creative Computing;
Creative Juices;
Creative Micro Stimulation;
Creative Radical Alternative Production Games;
Creative Sparks;
Creative Technology Institute, The;
Creativos Editoriales;
Creator;
Creators;
Cree, Edward;
Creighton, Laurence;
CRG;
Crisis;
CrisiSofT;
Cristian, Grecu;
CRL Group;
CRL Group - Your Sinclair;
Cronosoft;
Crooks, A.;
Cropthorne;
Cross;
Cross Technics;
Cross, Nathan;
cruddy software;
Crusader Computing;
Crush Group;
Crushers;
Cruz, Marcos;
CryptoGraphics;
Crystal Computing;
Crystal Computing - Sinclair User;
Crystal Dream;
Crysys;
CSL;
CSL Microdata;
CSP Systems;
CSSCGC;
C-Tech;
Cu;
Cult Games;
CulturaChip;
Culture Beat;
Currah Computer Components;
Currys;
Curtis, B.J.;
Curtis, Stephen N.;
Custodian, The;
Custom;
Custom Cables International;
CustomData;
CV;
Cyber Team;
CyberDemon;
CyberJack - Diver;
Cybexlab;
Cyningstan;
Czerweny Electronica I.C.;
D&H Games;
D.A. Simon;
D.A.C.C.;
D.A.P.;
D.C.;
D.G.R. Computer Products;
D.J. Moody;
D.J. Stepanenko;
D.N.D.;
D.V.B.;
D3M;
DAB Labs;
Dahmer, Bernd;
DaJe;
Dakrasoft;
Dalby, Tom;
Dalthon, John;
Daly, Andrew Mark;
Damatta;
Dancresp;
Daniel, Leszek Chmielewski;
Danik Educational;
Danish Breakers;
Danish Cracking Department;
DaniSoft;
Dannhoefer, R.;
Dannhoever, R.;
Danny;
Dansby, Andrew;
Dansoft;
Dantoine Retro Studios;
Danton Studio;
Daren;
Dark Green Enterprises;
Dark Knight;
Dark Night;
Dark Sentinel Soft;
Darken;
Darko;
Darkstar;
Darwood, N.;
Data Computing Systems;
Data Design Systems;
Database;
Database Educational;
Database Publications;
Database Systems;
Databyte;
Datacompaniet A.S;
Datalab;
Datalink;
Datamasters;
Dataputer;
Dataright;
Data-Skip;
Datasoft;
Datek;
Datel Electronics;
Daton;
daveysludge;
Davic Games;
David Martin Associates;
Davie, C.;
Davies, Craig Richard;
Davies, J.;
Davis, Andrew;
Davis, Hugh T.;
Davis, Lee;
Davis, Mike;
Davis, Steven;
Daxy - World Soft;
DAZ Computer;
Dazman;
D-B;
DC Pak - Roger;
DCG;
DDp;
DDS;
De Wit Productions;
dead8088;
Dealer Deals;
Dean, Jesmond;
Deanysoft;
Death Squad;
Death Squad, The;
Debris;
Decibel;
Dee-Kay Systems;
Defecto Digital Studios;
Defun Projects;
deKay;
Delbert the Hamster;
Delerium Tremens - Freedom;
Delf;
Delfia Press BV;
Delirium Hackers Group;
Delirium Tremens;
Delphine Soft;
Delta;
Delta 3;
Delta 4;
Delta 4 - Your Sinclair;
Delta 7;
Delta Hackers Group;
Delta Research;
Delta S.L.;
Deltarho;
Deltasoft;
Deltoid Developments;
deMarche;
Demesta HB;
Demiurge ASH;
Demiurge Ash;
Demon;
Demos and Games Makers;
DeNeR;
Denis & Gandalf;
Denis Grachev;
Denny, Pat;
DenSSoft;
Dentan;
Dented Designs;
Dentron Computers;
Depeche Code;
Depresiv;
Desforges, Richard Z.;
Design Design;
Design Design - Sinclair User;
Design Design - Your Sinclair;
Destiny;
Destr;
Destroy Soft;
Destroyer;
Destructor;
DEV;
Deva Educational;
Devel, Martian;
Develegas, Theo;
Devidsoft;
Deville, G.;
Dewhurst, Neil;
dex;
DGF;
Di Rosa & Figlio;
Dialog;
Diamond;
Diamond Games;
Diaz, Carlos David;
dibiliki;
Dickens, A.C.;
Didaktik;
Didone, Fabio;
Die Krupps;
Diefenbach, H.;
Diez-Andino, Raul Pelayo;
Digby McWiggle;
Digilog;
Digisoft;
Digital Arts Group;
Digital Brains;
Digital Design;
Digital Dexterity;
Digital Dreams;
Digital Fantasia;
Digital Image;
Digital Integration;
Digital Launch Corporation;
Digital Magic;
Digital Prawn;
Digital Projects;
Digital Reality;
Digital Star;
DigiTape;
Digitronics;
DiHalt Visitors;
Dimasoft;
DIMensionNEW;
DIMensionNEW - Idealogic;
Dimensions 41;
DimikSoft;
Dimka;
Dimond, J.;
Dinamic;
Dinamic - Your Sinclair;
Dinosoft;
Dinu Cristian Mircea;
Dio-Gen;
Dipak;
Dirac Pin;
Dirty Bristow;
Dirty Minds;
Disabler Production Lab;
Disco List;
Discount;
Discovery;
Discus;
Disen;
Dismaster;
Disney;
Display Grafix;
Dittmar, V.;
Dixie;
Dixon, C. Grant;
Dixon, Joe;
Dixon, M.;
Dixons;
DJ Hooligan;
DJ Soft;
DJ Television;
DJH;
DJL;
DJP;
DJR;
DJS;
DK'Tronics;
D-Love;
DLT Games;
DMC;
DMJ;
DMT;
Dobie, Paul;
Dobrzynski, Cezary;
Docimodus;
Doctor Who;
Doe, Allen;
Doe, Allen 'Mulder';
Dohany, Jack;
Dollarsoft;
Dolphin;
Domark;
Dome;
Domen;
Dominic, Peter;
Don Popov;
Donisoft;
Donkeysoft;
Donoher, J.J.;
Dooley, P.A.;
Dorcas;
Doric Computer Services;
Dorling Kindersley;
Dortec;
Double 27;
Double H;
Double Headed Secret;
Double Play Adventures;
Double-Jay;
Double-Pig-Soft;
DoubleSOFT;
Dowell, Matthew;
Dowman, Mike;
Downer, Josephine;
Downey, Philip;
Dowsoft!;
Dox;
DPM;
DR;
Dr Beep;
Dr. Dash;
Dr. Gonza;
Dr. Laser;
Dr. Li;
Dr. Spawn;
Dr.Codex;
Dr.DF0;
Dr.Love;
Dr.Sputnik;
Dragan Soft;
DRAGON;
Dragon Dungeon;
Dragon, Soup;
DragonHold;
Drak Lord, The;
Draysoft;
Dream;
Dream Makers;
dream Makers;
Dream Team;
Dream World Adventures;
Dreaming Djinn, The;
Dreams, Laser;
Dro Soft;
Dronsoft;
Drozd, Viktor;
DRS;
Druid;
Drummond, Steven;
DrUnKeN mAsTeR;
DSA Computer Graphics;
DSC;
DT Soft;
DTS;
Dual Dimension;
Duckworth Educational Computing;
Duerr, H.;
Duisburger Cracking Service;
Dunbar, L.C.;
Duncan Bowen School;
Duncan Games;
Dunham, R.T.;
Dunitz;
Dunkley;
Dunn, James;
Dunn, Jonathan;
Dunn, Paul;
Duo Soft;
Duplinter;
Durell;
Durex Rubber Company;
Durome;
Durych, A.;
Dutch;
Duwe, L.;
Dux, Frank;
Dymond;
Dynamic;
Dynamite Designs;
Dynamite Duo;
dynamite Dynastie;
Dynamite Dynasty;
Dynamite Dynasty - Your Sinclair;
Dynavision;
Dyrekcja Szkolenia Ekonomicznego PTE;
Dzhurko, Andrey;
Dziubanek;
DZS;
E&J;
E&MT Services;
E. Chudinov;
E. Productions;
E.O. Eshuis;
E.P.I.;
E.S.D.;
E.S.O.;
Eaglesoft;
Earlgate Computers;
Early Learning Opportunities;
Eason, R.;
East London Robotics;
East Midlands;
Eastmead Computer Systems;
Eastway Systems;
Eastwood, P.;
Eastwood, Roy;
Easyuse;
Ebury;
Eclipse;
Ed.SOFT Educational;
Eddy;
Eddy, Geoff;
Edgar, David;
Edge, The;
Ediciel;
Ediciones Anaya Multimedia;
Ediciones CEAC;
Ediciones Cicero;
Ediciones Forum;
Ediciones Generales Anaya;
Ediciones Nueva Lente;
Ediciones SM;
Ediciones y Textos;
Edicoes Latinas;
Edigamma;
Edisoft;
Editorial Foglia;
Editorial Grupo Veintiuno;
Editorial Gustavo Gili;
Editorial Noray;
Editorial Plesa;
Editoriale Video;
Edizioni JCE;
EDOS;
Educat;
Educational;
Edusystems;
Edwards, N.G.;
Edwards, N.J.;
Edwards, Peter;
Edwards, Richard;
EFS;
Egorov, Dmitry;
EgoTrip;
EhD;
EI Systems;
Eigen;
Einstein;
EJ;
EJ Productions;
EJB;
El-Afar;
Elders Group;
Electra;
Electric;
Electric Abacus;
Electric Dreams;
Electric Pencil Company;
Electric Storm Productions;
Electrical Brain;
Electro Music Research;
Electronic Arts;
Electronic Arts - Your Sinclair;
Electronic Zoo;
Elektra Personal Computer;
Elektronika;
Elephant;
Elettronica 2000;
Elettronica CS;
Elfin;
Eliseev, V.;
Elite;
Elite Systems;
Elite Systems - Sinclair User;
Elkor;
Elliott, J.B.;
Elliott, John;
Elliott, John - Foley, Geoff;
ELLiPSE;
Ellipse;
Ellis Horwood;
Ellis, D.J.;
Elm Computers;
Elpo;
Elsewhere Publishing;
Elson, M.;
Elven Adventurers;
E-Mage;
e-mage;
EMAP Business & Computer Publications;
Emily;
Emir;
EMM;
Empire;
EMS;
Emsoft;
En Zed Soft;
Encief Routines;
Encore;
Encore - Sinclair User;
Endurance Games;
Energize;
Energo;
Englefield;
English;
English, J.;
Enigma Developments;
Enigma Group;
Enigma Incorporated;
Enigma Variations;
Enness, Jim;
Enter Computing;
Enter Spectrum;
Enterprise;
Enters, Hans;
Entertainment USA;
enthusi;
Entire Group;
EP;
Epic 3000;
Epic Records;
Epsilon;
Eq;
Equinox;
equinox;
EquinoxeZX;
ERA Creative Group;
Erbe;
ERC Computer Services;
Erdikmen, Arda;
ERE Informatique;
Eremeev, Dmitri;
Eremeev, V.;
Eric Bean Adventures;
Eric Verlind;
ERL Computer;
Erlanger Engineering;
Ermak, Anton;
Ernieware Productions;
Eros;
Erotic;
Errazking;
Erro, Julio A. Martin;
Ersh;
ESA;
Escrig, Juan Alonso Exposito;
Escudeiro, Marcos;
Esem;
ESI;
E-soft;
ESP;
Espinosa, Daniel Perez;
Essential Myth - Your Sinclair;
Essential Myth, The;
Essex;
Essex Logic Services;
Esteem More Than Equal;
Estevez, Ismael;
Estuary Products;
ET Computer;
ETC Group;
Eternity Industry;
ETST;
Euro-Byte;
Euroelectronics;
Eurogamer;
Europress;
Eurosoft;
Evans, Chris;
Evans, D.;
Evans, G.;
Evans, Mark;
Evans, S.;
Evdokimov, A.;
Everest, Simon;
Evesham Micro Centre;
Evgeny Nesterenko;
evilpaul-4mat-eater;
EVP-Soft;
Evrika;
Excalibur;
Excellent Four;
Excess;
Excess Megagroup;
Excess Team;
Exclusive;
exin - gasman - Mr. Beep;
Exodus;
exodus;
Expandor Systems;
Experience Productions;
Experimental Phase;
Explosive;
Explosive Team;
Express;
Express Marketing;
Express Programmes Company;
Express Soft;
Extacy-3;
Extremal;
Extreme;
Exxos;
Exxos - Your Sinclair;
EYE Q;
Eye-Q;
Eyrolles;
EZ-Key;
F & F;
F.E. Electronics;
F+K Ware;
FaBRIXoft;
Faceoff Association;
Facit, Matjaz;
Factor 6;
factor6;
Fair;
Fairsoft;
Falcon Computing;
Falcon Soft;
Falkenberg, J.;
Famous Faces Factory;
Fanat & Co;
Fanatic Stas;
Fancy Flair;
Fanning, J.;
Fantadrom;
Fantasy;
Fantasy Adventure Research;
Fantasy Leagues;
Fantom;
Faon;
Farris, Brian;
Farrow, Paul;
Farrows, K.;
Fashionsoft;
Fast Group;
Fastback;
Faster Than Light;
Faster Than Light - Sinclair User;
fat Bastards;
fat bastards;
Fatality;
Fatcat;
Fawcett, C.W.;
FDI;
Fearless;
Felix;
FELL;
Felstead, Thurstan;
Fendrick, Mark L.;
Fenomen;
fenomen;
Ferard, Dominic;
Ferguson, Michael;
Fermont;
Fernleaf Educational;
Ferraris, Paolo;
Ferre, Simon M.;
FF Soft;
FFC Computers;
FFP;
Fiction;
Fiebig, H.;
Fiend, The;
Fierce Five;
Fikee;
Fikus Pikus;
FIL;
Filho, Luiz Cressoni;
Filipe, Luis;
Filmer, Robert;
Filosoft;
Filsoft;
Finest Group;
Finsbury;
Fire Angel;
Firebird;
Firebird - Sinclair User;
Firebird - Your Sinclair;
Firecracker;
Firefly;
Firelord;
Firesoft;
Firesoftware;
Firestarter;
Firminger, Alan;
First Class;
Fischer, Igor;
FISH;
Fish Tapezine;
Fishbone;
Fishbone Crew;
Fisher;
Fisher, C.;
Fisher, Paul;
Fisher, W.D.;
Fishermans;
Fisher-Marriott;
Fisher-Price Learning;
Fishwick, Nigel;
Fishwick, R.J.;
Fit;
Fitzpatrick, Simon;
Five Ways;
FK. Soft;
Flame;
Flamingo Systems;
Flanagan, Steven;
Flash;
flash;
Flashing Swords Adventures;
Flashsoft;
Flatbell;
FLC;
Fleming, Nick;
Flemming R. Pedersen;
Fletcher, James;
Fletcher, Simon;
Flet-Elec Computer Programs;
Flexibase;
Flowchart;
Floyd, Leslie;
Fluffy Cushions;
Fly On The Wall, The;
Flymansoft;
Foglia Edizioni;
Foilkade;
Follett, Rob;
Fontana Publishing;
Foord, Andrew;
Football Enterprises;
Fopiani, Javier;
Foraits;
Forbes, R.;
Force, The;
Ford, Andy;
Fordyce, Stew;
Foreigners, A.;
Foreman, M.;
Forest;
Format;
Format Publications;
Fornies, Eduardo;
Forthware;
Forward;
Fossage;
Fossil, Bob;
Fotou, John;
Foundation Applied Computing;
Fountain Drinks;
Fountain PD;
Fourth Dimension;
Fowler;
Fox, A.K.;
Fox, Arctic;
Fox, Greg;
Fox, Michael;
Frameworker;
Frampt, Darrn;
Frangoulis, E.D.;
Franklin;
Freaky Fruitbat;
Freddy Soft;
Frederick J. Hirsch;
Free Game Blot;
Free Glozed;
Free Group;
Freeart;
Freedom;
Freefall Associates;
Freeman;
Freeman, Simon;
Freestyle;
Freise, Stefan;
French, Arthur;
Frich, Fabian;
Fridaysoft;
Friendly Learning;
Fritle-Six;
Front Runner;
Frost, Roger;
Frozen Ice;
Fry;
Fry, C.K.;
FSF Adventures;
FSF Adventures - Sinclair User;
FST;
Fuchs, R.;
Fuck;
Fudgepacker;
Fuge, Jeffrey;
Fuller Micro Systems;
Fulwood;
Fun for Ever Soft;
Fun Forge;
Fun Time Games;
Funasoft;
Fundata;
Funfair;
Funny Boys;
funsoft;
Funspot.it;
Fusion;
Future Design;
Future Stars;
Future Was 8 Bit, The;
Futuresoft;
Fuxoft;
Fuzzbucket;
Fuzzix;
FV;
FX Illusion;
Fylatov, A.;
G K Houghton;
G&M;
G. Chapman;
G.D.;
G.I. Games;
G.LL.;
G.SIM;
G.W. Components UK;
g0blinish;
g0blinish - nyuk;
G1WWX;
G40IK - G40IL;
G4HLX;
G4IDE Micro Systems;
Gabam;
Gadget Unlimited;
Gadtek Games;
Gaff, Brian;
Gahan, Jordi;
Gajewicz, Janusz;
Galactos;
Galaksija;
Galaxy;
GalaxySoft Corp;
Galileo;
Galileo 7;
Galimon, Oleg;
Gallacher, John;
Gallerini Fabio;
Galo Alcolea;
Gamble;
Gambler;
Gambrinus;
Gamebusters;
Games Computing;
Games Killer;
Games Machine;
Games to Learn By;
Games Workshop;
Gamesoft;
Gamestar;
Gamesware;
Gamma;
Gammon, Hugh;
Gandalf;
Gandara, Angel;
Gandarillas, Carlos;
Gandler, Chris;
Gannutin, Maksim;
Gannutin, Maxim;
Gap;
Garabik, Radovan;
Garcia, Andres;
Garcia, Angel Fernandez;
Garcia, C. Oscar;
Garcia, Esco;
Garcia, Ignacio Prini;
Garcia, Jose Juan Rodenas;
Garcia, Julio Santos;
Garcia, Rafael;
Garcinuno, Ruben;
Gareth Rees;
Gargoyle Games;
Gargoyle Games - Sinclair User;
Gargoyle Games - Your Sinclair;
Garland;
Garland Computing;
Garner Designs;
Garner, T.J.;
Gasman;
gasman;
Gasman, The;
Gaulton, P.;
Gawp!;
Gazprom;
GBH;
GBH Gold;
GCC;
GCE Tutoring;
GDC;
GDP;
Gearing, M.J.;
Gebhardt, Uwe;
Gehrke, Martin;
Geilsoft;
Gem;
Gemba Boys;
Gemini;
Gemini Marketing;
Gemrot, Rostislav;
Gemtime;
General Group;
General Zoff;
Genesis;
Genesis Productions;
Genetic Records;
Genis, Ariel;
Genjitsu Labs;
Gensoft;
Geoff Eddy;
George;
George, M.A.;
Geppone;
Gerry Kevin Wilson;
Gerton Lunter;
GF;
GFC;
Gianluca Carri;
Gil, Aurelio Biedma;
Gil, Ignacio Perez;
Gilbert, Bill;
Giles Boutel;
Giles, Andrew;
Gillen, Andrew;
Gilles, C.M.;
Gilsoft International;
Giltrole;
Girard, Gonzalo Suarez;
Girulat, Hans Joachim;
Giza, S.;
GJS;
GL;
Glaister, Andrew J.;
Glasson, K.W.;
Glaubercht, Joachim;
Glaurung;
Gledhill, Ian;
Gleissner, Simon;
Glendale;
Glennik;
Glensoft;
Glentop Publishers;
Global;
Global Corporation;
Global Games;
Global Pro;
Gloster;
Glover, Paul;
GM;
GMR;
Go!;
Go! - Sinclair User;
Goble, Andrew;
Goblin;
Goblin Graphics;
goblinish;
goblinish.press;
Gobuzov, Arkadi;
Goddess of Destiny;
Godoy, Antonio Jose Villena;
Goering, Thomas;
Goev, Ruslan;
Gogin;
Goglio, Paolo;
Gogosoft;
Go-It-Alone;
Golden Alliance;
Goldstar;
Goliath Games;
Goltek Publications;
Gomez, Jaime Tejedor;
Gommeren, David;
Gommeren, David J.;
Gonad The Barbarian;
Gonzalez, Cristian M.;
Gonzalez, Francisco-Xavier Morell;
Gonzalez, Jorge Arroyo;
Gonzlez, Enrique;
Goodrum, P.;
Goodson, S.;
Goodwin, A.;
Goodwin, Sam F.E.;
Goodwin, Simon N.;
Goody, G.;
Gorbi Soft;
Gordon, Peter;
Gorski, D.;
Gosnell, David;
Gotef;
Gouldstone, Kim J.;
GP;
Grachev, Denis;
Graff, Zoltan;
Graffiti;
Grafix Wizards;
Graham;
Graham Nelson;
Granada Publishing;
Grand;
Grandslam;
Grandslam Entertainments;
Grandslam Entertainments - Your Sinclair;
Grao, Juan Pablo Lopez;
Graphics;
Graphtext 128;
Grau, Antonio Jose;
Graz;
Grecu, Christian;
Greedy Guys Group;
GREEK;
Green Bank;
Green Bit;
Green Fish Enterprise;
Green, Andrew;
Green, L.W.;
Green, Mark;
Greenaum, Sam;
Greencard;
GreenMan;
greenwebsevilla;
Greenweld;
Greenwood, Philip;
Gregory M. Zagurski;
Gremlin;
Gremlin Graphics;
Gremlin Graphics - Sinclair User;
Gremlin Graphics - Your Sinclair;
Grenfell, Paul;
Grepan;
Greyfriars;
Grib Research;
Grice, Jim;
Grier, Alan;
Griffin;
Griffiths, J.;
Griffiths-Glover, Sonia;
Grigoryev, Dmitry;
Grigoryev, Petr;
Grilo, Jaime;
Grimwood, Jim;
Grisewood & Dempsey;
Grishchenko, Dmitri;
GriV;
Griv;
Grok Developments;
Groman;
Gromann, Daniel;
Grose, Donald;
Grupo Creators Union;
Grupo de Trabajo;
Grupo Editorial SYGRAN;
Gruppo Editoriale Fabbri Bompiani Sonzogno ETAS;
Gruppo Editoriale Jackson;
Grussu, Alessandro;
Gryshcenko, Dmytro;
Grzegorczyk, A.;
G-Software;
GT;
GTI;
Guard, Damien;
Gudkov, Ivan;
Guesser;
Guild Publishing;
Guild, The;
Gulliver, Angus;
Gutjahr, F.;
H & D Services;
H.A.W.K. Adventuring;
H.B.;
H.H.;
H.S.;
H.S.H.;
HA5DI;
HA5DI - HA5OB;
Hacker Chris;
Hacker Cris;
Hacker Demon;
Hacker Jack;
Hacker Jack Davis;
Hacker Jim Goer;
Hacker Junior;
Hacker Olav;
Hacker VBI;
Hackers;
Hackers Design;
Hackers Squad;
Hackerz Design;
Hackerz' Design;
Hackett, Andy;
Hades;
Haferland, Uwe;
Hagan, M.;
Hagerty, P.J.;
Haggart, Donald;
Haggisoft;
Hague, A.;
Hajasoft;
Hajibab, Gavriel;
Hajo Spuunup;
Half Eaten;
Halikov, Anton - Poluyanenko, Aleksey;
Hall Video Products;
Hallam, Mark;
Haller, Wolfgang;
Halliwell, Andrew 'Spike';
Halliwell, Andrew 'spike1';
Halloween;
halloween;
Halor, J.;
Halsoft;
Hambley, David;
Hamilton, Anthony P.;
Hamilton, Melvyn;
Hamish Rust;
Hamster;
Han Solo;
Handasoft;
Hands On;
Hands, Ray;
Handsoft;
Hanna;
Hansesoft GmbH;
Hansford, Graeme;
Hansoft;
Hanson, D.A.;
Hanson, P.A.;
Hans-Peter Frings;
Hanzis, Sergey;
Happy Computer;
Happy-Computer;
Harbour Soft;
Hard Code;
Harddata;
Hardsoft;
Hardware Wizard;
Hardwave Crew;
Haresoft;
Harlequin;
Harlov, Alexander;
Harold Gale Associates;
Harper, D.;
Harris;
Harris, Bob;
Harris, R.M.;
Harrison, Roy;
Harston, Jonathan Graham;
Hartland;
Hartwig, Olaf;
Harvey, A.;
Harvey, R.;
Harwood, Sharon;
Havensoft;
Havlik, Josef;
Hawk;
Hawkins, Dave;
Hawkins, M.J.;
Hawksworth, M.;
Hay, A.M.;
Hazard Dreams;
HC Mein Heim-Computer;
HCS;
Heap, W.;
Heath Computing;
Hebbes, Brian;
Hecht, Ulrich;
hedj;
Hedrom, Max;
Heep Soft;
Heikki Julkunen;
Heinemann;
Heinrich, R.;
Heinz A. Sebald;
Hektic;
Hellenic;
Hellier, D.;
Hello! Games;
Hembrow, David;
Hemmings, Bob;
Henrich, A.;
Herbert, Andy 'Monkey';
Herman;
Herrera, Daniel Rodriguez;
Herron;
Herve Ast;
Hessel;
Hestacrest Business;
Hester, Christopher;
Hewitt, D.J.;
Hewson;
Hewson Consultants;
Hewson Consultants - Sinclair User;
Hewson Consultants - Your Sinclair;
Hexadecimal Press;
HGF;
Hickingbottom, Dean;
Hicks, Colin P.;
Hicks, Gareth;
High Byte;
High Fashion;
High Soft;
High Style;
High Voltage;
Highlight;
Highsoft Systems;
Hijo, Tomas;
Hikaru;
Hilderbay;
Hill MacGibbon;
Hill, D.C.;
Hill, Mark;
Hill, Stuart J.;
Hillyer, Kevin;
Hilton Computer Services;
Himik's ZxZ;
Hintze, W.E.;
Hipocrates Soft;
Hippiman;
Hippo;
Hippo Enterprises;
HiSoft;
Hispanis Adventures;
Hit Parade Spectrum;
Hit Squad, The;
Hite, Phil;
Hi-Tec;
Hitech Games Plus;
Hi-Tech Microsoft;
Hitlist, The;
Hit-Pak;
Hi-Yin Music;
HL;
HMSoft;
HO Programs;
Hoare, Ian M.;
Hob;
Hobby;
Hobby Press;
Hodder & Stoughton;
Hodgson, P.;
Hoelken, Armin;
Hoepfner, Lutz;
Hofacker Verlag;
Hoffman, Roy;
Hohlov, O.;
Hoiberg, Allan;
Holburn;
Holland, Steven;
Hollingbery, J.R.;
Hollis, Jackson;
Holly Products;
Holt;
Holy Crap;
Home  Soft;
Home Computer Advanced Course, The;
Home Computer Club, The;
Home Computing Weekly;
Home Entertainments;
Home Masters;
Home Micro;
Homecomputer;
Homesoft;
Homestudy;
Hometown;
Honeyfold;
HoopSnake Design;
HOOY-PROGRAM;
Horgan, Michael;
Hormiga, Jaime;
Hornby;
Horner, S.;
Hornsby, David;
HorrorSoft;
Horst Weigand;
Horstmann, A.;
Horvat, Rolando;
Hotrasoft;
Hot-Shot Entertainments;
Howard;
Howard A. Sherman;
Howard Marketing;
Howard Sherman;
Howard, Paul;
Howland, Gary;
Hrda, Stanley;
HSC;
Hudson Soft;
Huelvy;
Huesca, Jose Luis Macia;
Hugbunadur, Fenris;
Hughes, D.;
Hughes, Dave;
Hughes, Ian;
Hughes, J.A.;
Hulst, Arno van der;
Human Soft;
Human Softwere;
Human Waste Company;
Humphrey;
Humphrey, Kevin;
Hunt, Michael;
Hunt, Robin;
Hunt, Sheila;
Hurley, R.;
Hurley, Richard G.;
Hutchinson Computer Publishing;
Hutchinson, Eric;
HWG;
Hyde, J.;
Hyde, Rod;
Hype Allstars;
Hyperion;
I.E.C.;
Ian;
Ian Richards;
Ian Woof;
Iber;
Ibrahim, H.;
IBSA;
IC;
Icabod;
Ice Group;
Iceman;
iceman;
iceVAN;
ICL;
Icon;
Icon Designs;
Idealogic;
Idem Soft;
IE Applications;
IG Programs;
Igg;
Igor;
IGS;
Ihor;
IKO & RGSoft;
Il Mio Computer;
Ila, Laszlo;
Illusion;
Illusion Dreams;
Illusion Group;
Illusion Works;
Ilyn, Jao;
IMA Soft;
Image;
Image Crew;
Image Systems;
Image Works;
Image Works - Your Sinclair;
Imagine;
Impact;
Impact Creative Group;
Impellent;
Imperator;
Imperial;
Imperial Soft;
Impressions;
Impulse;
Impulsoft;
Impulze;
IMS;
In Company;
Ina;
Incantation;
Incentive;
Incentive - Your Sinclair;
Incley, Mark;
Incognito, Mr.;
Independent;
Indescomp;
Indigo;
Individual;
Individual Service;
INDUG;
Infected;
Inferno;
Inferno Devision;
Infinite;
Infinite Imaginations;
INFO Soft;
Infocom;
Infogrames;
Inforcom;
Inforkom;
Inform;
Informatyczno-Elektroniczna Spoldzielnia Pracy INEL;
Infortech;
Infosoft;
Infotek Team;
Ingelek Jackson;
Ingenieria Quimica;
Inmensa Bola de Manteca (IBM);
Inner City Unit;
Innercore Group;
Innosoft;
INPUT;
Insert Coin;
Insight;
Instituto de Ciencias de la Educacion;
Intech;
Integer Research;
Integral Group;
Intelligent Program;
Interactive People;
Interactive Technology;
Interbit;
Interceptor;
InterComplex;
Interface Publications;
Intersoft;
Interstella;
Intraset;
introspec;
Intruders;
Invaders8;
Investronica;
inward;
inx;
Inxs;
Iolo Davidson;
Ionis International;
Ioshua;
IQ Services;
Iqisoft;
Iron Chip;
Iron Falcons;
irrlicht;
Irrlicht Project;
IskraSOFT;
Isolated House;
Israeli Team, The;
Istari Design;
Ito, Eduardo Issao;
ITP Universal;
ITS;
ivanb303;
IvanBasic;
Ivanovsoft;
Iveson;
Ivysoft;
Iwamoto, Max;
Izhevsk;
Izquierdo, J.;
J&L Randall;
J. Aron;
J. Enters Productions;
J. Gajdecki;
J. Soft;
J.B.G.V.;
J.C. Kilday Associates;
J.D. Tronics;
J.H.C.S.;
J.J. Computing;
J.J. Soft;
J.K. Greye Enterprises;
J.T.;
J.W.V.;
JA;
Jabberwocky;
Jackson Hollis;
Jackson Soft;
Jackson, B.;
Jackson, David C.;
Jade;
Jahn, Claus;
Jahn, Klaus;
James, Brian;
James, Gary;
Jameson, Paul;
Jangeborg, Bo;
Janjic, Miroslav;
Janosy, Zoltan;
Janowsky, W.;
Jansoft;
Jape;
Japhet, Gilad;
Jaquest, Grant;
JAR Electronics;
Jarlaxe;
JAsoft;
Jatekgyaros;
JAX;
Jaxsoft;
Jay, Marcus;
Jaysoft;
JB;
JB Computing;
JBGV;
JC Jumbo Data;
JCS;
JCS ZX;
Jeez;
Jeffery, Sean;
Jega;
Jelley, Colin;
Jemel Soft;
Jemminisoft;
Jenedleho, Zbynka;
Jenkinson, Andy;
Jenkinson, Paul;
Jensen, J.B.;
JEP Electronics;
Jeppesen, Lars Peter;
Jerri;
JeRrS;
Jesperson, L.;
JET_VISY;
Jevilon;
Jevilon Soft;
Jevon, T.;
JF Soft;
Jhconers;
JHsoftware;
Jim;
Jimjams;
Jive;
JJK Research Limited;
JK;
jmc;
JN;
Joan Soft;
Joaquin Fuster;
Jocker Soft;
Jodan;
Jodar, Miguel Angel Rodriguez;
Joe the Lion;
John Henry Enterprises;
John Lyons Computer;
Johnny EJS;
Johnny Hazzard;
Johns, Tim;
Johnson, Paul;
Johnston, Scott G.;
Johny X;
johny.noone;
Jokers, The;
Jolly Mouse;
Jolly, Derek;
Jon Drukman;
Joncker, Oliver;
Jones;
Jones, C.R.;
Jones, David;
Jones, Mark C.;
Jones, Mark R.;
Jones, Raymond;
Jordi Sales;
Jorge, Lucas;
Jov & Zon;
Joystick;
Joystick Electronic Magazine;
JRC;
JRS;
JS;
JSC;
JSH Company;
JSJ;
JSJ Soft;
JT;
Juan, Luis Enrique;
Juana Pueblo Soft;
Judesoft;
Juegos & Estrategia;
Juergen Stessun - Superknack;
Jujstronic;
Jukov;
Juliet;
jumble;
Jump 116;
Jupiter77;
Jura;
Jurassic;
Jurassic Soft;
Juric, Zeljko;
Jusoft;
Juza, Boguslaw;
JWE;
K, Steve;
K., George;
K., Igor;
K.B.G. Judson;
K.C.Soft;
K.Kav;
K3L;
K3L Corp;
K-64;
Kabardcomp;
Kabuto Factory;
Kac, Tomaz;
Kadlof, Andrzej;
KAF;
Kaisoft;
Kak;
Kakiarts;
kakietochelysamstrada;
kakos Nonos;
Kamasoft;
Kame Soft;
Kamp, Bernhard;
Kane, J.;
Kanebo;
Kantxo Design;
Kapitan, Radoslaw;
Kapultsevich, Igor;
Kapyrin M.W.;
Karlo Computer Soft;
Karoshi Corporation;
Karpiesiuk, Stanislaw;
Karry Soft;
Kas29;
kas29;
Kassoft;
Kato;
Kavanagh, Andy;
Kaveh, Yoav;
Kayamon;
Kayde;
Kaz;
Kazan;
KB.RAM;
KD;
KDF Soft;
Keenan, D.;
Keep Publishing;
Kelly, Steve;
Kellydata;
Kelsoft;
Kemp;
Kempherbeek, Jan;
Kempsoft;
Kempston Micro Electronics;
Kemsoft;
Kendall, Steven;
Kerbi Computers;
Kerian UK;
Kerman, Alex;
Kern, Achim;
Kern, P.;
Kerr, R.;
Kerszi;
Kettl;
Key;
Key Soft;
Keyboard;
Keysoft;
Keyword;
KH;
Khabarovsk;
Khantsis, Sergey;
Khazad Team;
Khemurok;
KHP Soft;
Kicia;
Kiddisoft;
Kidsplay;
Killer Klowns;
killer Toad;
Kilsoft;
Kimberley, Simon;
Kindersoft UK;
King;
King Dice;
King, A.;
Kingdom Dreams;
Kingfisher's Movie Studio;
Kingsley, Ray;
Kinloch, Miles;
Kinnaird, Duncan;
Kirby, Steven;
Kirk, Ted;
Kirtland, R.;
Kis;
Kiselev, Alex;
Kiss, Donat;
Kiszakiewicz, Marek;
Kiwi;
Kixx;
Klatt, Thoralf;
Klav;
Klokov, I.;
KLS;
Klub Fifo;
Klub Mikrokomputerowy Abakus;
Kluwer Technische Boeken B.V.;
KM Systems;
KMC Programs;
Kmec, Stanislav;
Knight, C.;
Knighted Computers;
Knight's;
Knights, The;
Knightsoft;
Knuckle Girls, The;
Knudde;
Koblinger, Egmont;
Kobrahsoft;
Koellner, J.;
Koledin, Dragan;
Kollross, A.;
Kolotov, Sergey;
Komppa, Jari;
Kompred;
Kompsoft;
Komputer, Markus;
Konami;
Konczolsoft;
Kondratyeu, Michael;
Konig, Gerd;
Koning, Bert;
Konix Computer Products;
Konkrete;
Konstantinov, A.A.;
Koprov, Evgeny;
Korber, T.;
Kordial;
Kormishin, Alexander;
Kornienok, A.;
Korniychuk, Dmitri;
Korte, D.J. de;
Korytkowski, J.;
Kosmos;
Kostevc, Matija;
Kostic, Vladimir;
Kostrub, Ivan 'Neuronhlam';
Kotsoft;
kotsoft;
Koutsoudis, Anestis;
Kovacs, Tibor;
kowalski;
Kozhevnikoff, Valerij;
Kpacku;
KPH;
Krajowa Agencja Wydawnicza;
Krajowe Wydawnictwo Czasopism;
Krakow;
Krasnoyarsk;
Krasov, Oleg;
Kraus, D.;
Kraus, R.;
Krausco;
Krecielewski, Leszek;
Kresimir Rajacic;
Kreybig, P.;
Kricon;
krik Team;
Krisalis;
Kristiansen, Freddy;
Kristiansson, Clas;
Kristof, Vladimir;
Krle Soft;
krt17;
Krueger, Thomas;
Krupps, Die;
Krut, Ivan;
Krypton Force;
Kryptronic;
KSA;
K'Soft;
K-Soft;
K-Tel Productions;
Kuba Rozpruwacz;
Kubeckin, Vitaly;
Kuchtin, E.;
Kukoviakin, S.;
Kulikov, Dimitry;
Kuma Computers;
Kurent, Matej;
Kurganov, Sergey;
Kuritsin, Boris;
Kutin, V.;
Kutin, V. - Paltusov, D.;
Kuzma, A.I.;
Kuznecov, Alexey;
Kuznetsov;
Kuznetsov, Denis;
KVA;
Kvazar;
Kved;
KVL;
KVM;
KW;
KW Computing;
Kwast, Jeroen J.;
Kweepa;
Kwerty;
Kwiring, Georgi;
Kybso;
KYO Corp;
Kyro Games;
L.P.U.;
L.V.V.;
Laan, Paul van der;
LAB;
Lacey, Steve;
Lada;
Ladinek;
Lake, Steve;
Laks;
Lamac, Jiri;
Lamas, R.;
Lamb, David;
Lamb, Mike;
Lambourne Games;
Lamergy;
Lamers;
Lamond, Paul;
Lancashire Micros;
Lancaster, Garry;
Lancing Technical Services;
Lander;
Lander, Richard;
Langmead, Jim;
LAR;
Larranaga, Pedro Jose Rodriguez;
Larri Group;
Larsoft;
Lasasoft;
Laser!;
Lasersoft;
Lasersound;
Last Masters Group;
Last Masters Group - Red Limited;
Last Spectrum Group;
Laszcz, Simon;
Laszlo, Simon;
Laura A. Knauth;
Lauson;
Laussoftware;
Lave;
Lawo, Eric;
Lawrence, David;
Lawton, Philip;
Lazo, Jose Manuel;
LCD;
LCD Design;
LCL;
LDV & Co.;
Learning and Training Systems;
Learning Process, The;
Lebon, T.;
LeCount, Darryl;
Ledgen Business;
Lee, A.;
Lee, Graham;
Lee, Matt 'Jam';
Lee, Simon D.;
Leeming, C.;
Lees, P.;
LeeSpoons;
leespoons;
Legend;
Leisure Genius;
Lemos, Manuel;
Lenguaje Maquina Spectrum;
L'Ensouleiado;
Leon, Antonio de Haro;
LERM;
Lerm;
Leroysoft;
Les Aventures;
Les Quinn;
Les Quizarables;
Level 9 Computing;
Lewell, J.;
Lewis, E.;
Lewis, John;
Lewis, N.;
Lez Peranto;
LH Soft;
Liam Data;
Licholls, Stuart;
Lids, The;
Life on Mars;
Light;
Light Future;
Light Future Group;
Lilywhite;
Lincoln, Stuart;
Lindley, Eric;
Lindqvist, Dennis;
Linel;
Linel - Your Sinclair;
Linguaggio Macchina;
Link Enterprises;
Linkaustria;
Lion;
Lion 17;
Lipetsk United;
Lisokryl;
Litjens, G.;
Little Shop of Pixels;
Little Softie;
LiveWire;
Livingston, Larry;
Livingstone, Ian;
Livsey, Rob;
Liza Daly;
LJK Computing;
LJP;
Llainlan;
Llamasoft;
Llaria, Quique;
Llaria, Quique 'Cascarria';
Loach;
Load 'n' Run;
Lobos;
Locator;
Lock, Alistair;
Locomotive;
LocoSoft;
Lodder, Harvey;
Lodge, P.S.;
Lodz City Coders;
Loft Assault;
Logan, Ian;
Logic 3;
Logic Sales;
Logical Center;
Logic-Art-Ware;
Logiciels;
Logotron;
Lohberg, Siegfried;
LOKOsoft;
Lomax;
Lon, Wlodzimierz;
London Circus Cats;
Lone Wolf;
Longe, Derek;
Longland, Adrian;
Longman;
Loophole;
Lopez, Joaquin Bayon;
Lopez, Pedro Amador;
Lopik, J.W.A. van;
Lording, P.;
Lords, The;
Loriciels;
Lotus Group;
Lotus-Soft;
Loveday, Leigh;
Lu, Le;
Lubiterum Studio;
Lucero, Mauricio Munoz;
Lucian Smith;
Luis Antonio Menendez;
Luis M.B.;
Luisoft;
Lukasiewicz, Jerzy;
Lukey, C.;
Lumpsoft;
Lunar;
Luncheon Club;
Lunn Accounting Services;
Lunter, Gerton;
Lurker, Dave The;
Lusitania;
Lusitania - Sinclair User;
Lutz, Bernhard;
Luxus Ostrava;
lvdPukanRaspidorasilo;
Lycett, Anthony 'Monty Mole';
Lyndenhurst;
Lynway Computing;
Lysuho, A.N.;
Lyversoft;
M&H;
M&J;
M&J Regan;
M&Z;
M.42;
M.A.P.;
M.B.;
M.C.G.V.;
M.Coder;
M.E.L. Chip Club;
M.G.B.;
M.I.F.;
M.K.;
M.K. Circuits;
M.M.A Soft;
M.M.G.;
M.N. Soft;
M.P. Sun;
M.S. Boboli M.Sc.;
M.T.V.;
M-1 Hacker, The;
Mac;
MacDonald;
MacDonald, A.;
Macey, P.;
Machala, Peter;
Machinecraft;
MacIntyre, Ian;
Mackay, Joe;
Mackenzie, David;
Mackow, Pawel;
Mac-Mac;
Macmillan;
Macronics Systems;
Macros;
Macsen;
Mad Guys, The;
Mad Max;
Maddocks, K.;
Made in Spain;
Madmekon;
MADSOFT;
Maelstrom Games;
Maeso, Manuel Pastor;
Mafia;
Magera, Sergey;
Maggisoft;
Magic;
Magic Bytes;
Magic Moon;
Magic Realm Games;
Magic Soft;
Magic Team;
MagicMaster;
Magicsoft;
Magination;
Magnificent 7;
Magnum Computing;
Magnum Electronics;
Maincomp;
Mainstream - Sinclair User;
Majasoft;
Major, R.E.;
Makovsky, Igor;
Makushin, A.;
Makys, Vladimar;
Malan Associates;
Malcev, Viacheslav;
Maldon Archaeological Group;
Male, Garry;
Malin, C.;
Malley, Martin;
Malmberg;
Malva;
Maly;
Mama;
Man;
Mandala Breakers;
Mandarin;
Mander, M.I.;
Mandragora;
Manic Hacker, The;
Manic Miner Technologies;
Manor;
Manowar;
Mansfield Computers & Electronics;
Manuel Soft;
Manx Tapes;
Mapasoft;
Mar Entertainment;
March Cats;
Marchant, E.;
Marco, Miguel Angel Esteve;
Marian;
Marinichev, D.;
Marjanovic, Dragan;
Mark Foley Productions;
Marks, Russell;
Marksman;
Markus Komputer;
Marlin Games;
Marolli-Soft;
Marquez, Ivan Gomez;
Marquez, Juan Jose Samper;
Marrow, James;
Marsh, Steve;
Marsh, Wayne;
Marshallgate;
Marshrut na Iupiter;
Martech Games;
Martin Cowie;
Martin, Alfonso Garcia;
Martin, J.G.;
Martinez, Ricardo Villalba;
Martinik, Ales;
Martins, Rui;
Martinsoft;
Martland, Edward;
Martschin, L.;
Marwick, Leslie;
Marwin Freutel;
Marx, M.;
Marysin;
MAS;
Mask;
Maski;
Maslov, S.;
Maslov, V.G.;
Mason, A.;
Mason, Terry;
Massie, Scott;
Master;
Master Home Computers Group;
Masters Games;
Masters of the Universe;
Mastertronic;
Mastertronic Added Dimension;
Mastertronic Added Dimension - MicroHobby;
Mastertronic Plus;
Mastervision;
Mastodon;
Mastress;
Mastrolorenzo, Fabio;
MastSoft;
Mat;
Mat & Muad'Dib;
Mat & Ziutek;
Mat Doughty;
Matand;
Mateus, Antonio Carlos Braga Morais;
MatGubbins;
Mathmatix;
Mat?as, Miguel A.;
Matrix;
Matsumoto, Flavio M.;
Matt_B;
Matuszewski, Artur;
Maxs;
Maxwell, Adam;
Maxwell, Alan;
Maxx - VTS;
May, C.W.;
May, Richard;
Maycock, P.;
Mayday;
Mayfield Products;
Mayhem;
mayhem;
Maynard, G.;
Mazl, Roman;
Mazzaferri, R.;
MB;
mb Maniax;
MBC;
mborik;
MBR;
MC Breakers;
MC Lothlorien;
MC Microcomputer;
McAlby;
McAlley, Bryan S.;
MCC;
McCabe, John;
McCarthy, Steve;
McCowan, Darren;
McCrea, Steve;
McGraw-Hill Book Company UK;
McGuire, Paul;
MCI Iberica;
McKay, James;
McKay, M.;
McLarnon, Michael;
McLellan, D.;
McLiard, Kieren;
McLoughlin & Co;
MCM;
MCN;
McNeil;
MCP Co;
McQuillan, Peter;
McQuilling, Wayne;
MCT;
MD;
MDA Modon Associates;
MDF Hacker;
MDR;
Meadowmarsh;
MeatBallTheory;
Mediandroid;
Medidata;
Medina, M. Garcia;
Mednonogov, Slava;
Medsoft;
Meeks, Colin;
Megacode;
Megacode Hackers Group;
Megadodo;
Megasoft;
Mega-Soft;
Megasportz;
megozavr;
Mehmood, A.;
Melbourne House;
Melia, S.;
Melkor, Darth;
Mella, Peter J;
Memotronic;
Menezes, Jose;
Menneer, Anne;
Mental Images;
Mental Inspiration Unity;
Mentat;
Mentor;
Menzies, John;
Meow Micros;
Mercury;
Merisoft;
Merlin;
Merz, Jochen;
Mesenov, Sergey;
Mesoft;
Metabolizm;
Metal Soft;
Metalbrain;
Metalsoft;
Metcalf, John;
Methodia Design Norway;
Methodist Church, The;
Metsuke;
Meyer, Jens;
MFM Data Services;
MG & Co;
MGN Group;
mHm;
MHS Muller Hard &;
MHT Ingenieros S.L.;
MI & DI;
Miami-Soft;
Miazga, Rafal;
MiC;
Michael, B.;
Michalak, Jacek;
Mickael Helloween;
Micro Accessories;
Micro Adventurer;
Micro ART;
Micro Data;
Micro Gold;
Micro House;
Micro Investor;
Micro Kid;
Micro Limit;
Micro Master;
Micro Power;
Micro Press;
Micro Selection, The;
Micro Sistemas;
Micro Style;
Micro Value;
Micro Wares;
Micro World;
Micro Zeighty;
Micro-Bit;
Microbyte;
Microcosm;
Microdeal;
Micro-De-Bug Consultancy;
Microdigital;
Microdinamite;
Microdot;
Microelectronics Education Programme;
Microfactor;
Microgame Simulations;
Microgesa;
MicroHobby;
MicroHobby Especial;
Microholics Anonymous;
Microideia;
Microjuice;
Micro-Kraft;
MiCROL;
Micromack;
Micromania;
Micro-Mart;
Micromega;
Micromicon;
Micromor;
Micronet 800 Telesoftware;
Microparadise;
Micropool;
Micropress;
MicroProse;
Microsim;
Micro-Source;
Microspace;
Microsphere;
Micro-Spot;
Microtax;
Microtech Systems;
Microtechnica;
Microware;
Microwish;
Microworkshops;
Microx;
Midisoft;
Midnight Shadow;
Mielczarek, A.;
Miguel;
Miguel, Javier De;
Miguetelo;
Mihai, Sebastian;
Mihip;
Miker;
MikeThunder;
Mikro+Kleincomputer Informa Verlag AG;
Mikro-Gen;
Mikro-Mike;
Mikropol;
Mikros;
Mild Soft;
mile;
Miles Gordon Technology;
Miles, Francis G.;
Milivoy Kostic;
Millansoft;
Millenium;
Millennium Group;
Millington, D.;
Millside;
Millsoft;
MilousSoft;
Milytia;
Mim;
Minatron Computing;
Mind Games;
Mind Games Espana;
Mindscape International;
Minevskiy, V.;
Minicom Soft;
Minimal Systems;
Minimicro;
Minio, P.P.;
Minisoft;
Miosga, Peter;
MiPH&T Hackers Club;
Mira;
Miracle Technology UK;
Mirage;
Miratec Systems;
Miron Schmidt;
Mirrorsoft;
Mirrorsoft - Sinclair User;
Mischa Schweitzer;
Misoft;
Mission;
Missora, Luca;
MISTER BEEP;
Mister Beep;
Mister Chip;
Mistic JOE;
Mistral;
Mitchell;
Mitchell, Robert;
Mitchell, William;
Mitec;
Mix Soft;
Mixoft;
Mixtring;
Mizar Computing;
Mjukvara sf;
mkhg;
Mladen Erjavec;
Mlakar, Leon;
mma;
MmcM;
Mme Sosostris Astro Computing;
MNL;
MOA Service;
Modem'Co;
Moderna Soft, La;
Modular Resources;
Mogul Communications;
Moj Mikro;
Mojon Twins, The;
Mole;
Monea;
Monflair;
Mongolfiera;
Monitor;
Monk Soft;
Monkey;
Mono Soft;
Monolith;
Monser;
Monsterbytes;
Monster's Legs Productions;
Montes, Sergio Vaquer;
Monument Microgames;
Moody, D.J.;
Moonchild;
Moonlight;
Moore, Alan;
Moore, Ast A.;
Moore, J.;
Moracek, Martin;
Moran, A.J.;
Morbosoft;
Morex Peripherals;
Morgan, Richard;
Morgan, Russell;
Morlan;
Morley Davies Associates;
MorningStar;
Moroz;
Moroz, Death;
moroz1999;
moroz1999 - vassa;
Morozovsk;
Morris, Dominic;
Morris, Dominic J.;
Morris, Joe;
Morris, Rob;
Morris, S.;
Morrison, R.;
Morrisons;
Morsoft;
Mortal Kombat '95;
Mortal Kombat Hackers Group;
Morton, K.;
Mosaic Publishing;
Moscalenco, Oleg;
Moscow, Paul;
Moss, A.J.;
Moss, Adam D. - Snouty Dog;
Motivation;
Mouse;
Moxxon;
MPF;
MQM Team;
Mr Incognito;
Mr Ljung;
Mr Scratcher;
Mr. Chip;
Mr. Clayton;
Mr. Davis;
Mr. Johny Renegade;
Mr. Micro;
Mr. Monk;
Mr. Scrololo;
MRP-SBS;
MRSoft;
MS;
MS-CID;
MSD Group;
Msoft;
MST Consultants;
MTB;
Mueller, Werner;
Mulder;
mulder;
Mulroy, J.P.;
Multi Basic;
Multisoft;
Multi-Soft Games;
Multisoft Informatica;
Multyplex Group;
Muncaster, J.;
MunkHammar, Jacob;
Munning Games;
Munro, Ian;
Munro, Thomas;
Mupados;
Mur, Javier Vispe;
Murdoch, S.;
Murgatroyd, Andrew J.;
Murphy, Jamie;
Murray, Peter;
Murray, Rick;
Muscles;
Mushroomsoft;
Music Soft;
Musical 1;
Muszynski, Krzysztof;
Mutantleg;
Mutch, D.J.;
MW;
MW Gamesworld;
MXK;
My Cat;
MykeP;
Myrmidon;
Mystery;
Mystic;
Myth;
Mythos;
Mythos Games;
Mythsoft;
m-ZX;
na_th_an;
Nab;
Naffsoft;
Nagasoft;
Nagels, L.P.G.;
Nagval;
Naigram;
Nair, Arjun;
Nairam;
nairam;
Namco;
namco;
Nandotur;
Narwhal;
Nash, Jonathan;
Nasty Group;
Nate Schwartzman;
National Extension College Trust;
National Library;
Nationsoft;
Natsoft Programs;
Naughty Crew;
Naveros, Raul;
Navigator;
Naylor, Stuart 'Swizpig';
Nazarenko, Yuri;
NCB;
NCF Soft;
NCH;
N-Discovery;
n-Discovery;
NE-AD;
Nebojsa, Jeremic;
Nebula Designs;
Nectarine;
NedoPC Group;
Neighbour, J.;
Neil James Brown;
Nejedly, Zbynek;
Nemesis Productions;
Nemo;
Neon Publishing;
Neptune Computing;
Ness Data;
Ness Micro Systems;
Nesterenko, Evgeny;
Neto, Eduardo;
Network Adventure Games;
Network Computer Systems;
Nevis Records;
New;
New Concepts;
New Dimension;
New Frontier;
New Generation;
New Hairs;
Newart;
Newart - Vega;
Newdata;
Newman, Robert;
Newport, C.;
Newsoft Products;
Newtech Publishing;
Newton, Dave;
Nexus - Rainbow Harmfuler;
Nexus Productions;
nf;
NF Stars;
Niblett, Paul;
Nichol, Stephen;
Nicholls, Stuart;
Nicodim;
Nielsen, Dan Brochner;
Nielsen, Rasmus Palbo;
Niemann, Andreas;
Night;
Nightingale;
Nightman, The;
Nightshift;
NightWolf;
Nijland, H.;
Nikitin, Paul;
Nikolskiy, Jury;
Nimrod;
Nisbet, James;
Nite Owl;
Nitrofurano;
Nixon, Jon;
Nizry, Ronen;
No Man's Land;
No Time To Play;
Noble House;
Noby;
Noby Noblnoch - Factor6;
nodeus;
Noel, Leon;
noice;
Nomy;
NOP;
Nordqvist, Ronny;
Norfolk Educational Psychologist;
Norman Data;
Noro Hard&Soft;
Norris, Pat W.;
North Star;
North, Jon;
Northern Underground, The;
NorthSim Publications;
Norton, A.J.;
Norton, Keith;
Norvac Engineering;
NOS Hobbyscoop;
Nosequesoft;
Not Soft;
NOT-Soft;
Nottinghamshire Constabulary;
Noumenon Team;
Nova;
Nova Soft;
Novagen;
Novak, Pete;
Novak, Petr;
NovaStorm;
NovelSoft;
Novotrade Rt.;
Nowatech;
Ntd;
Nu Wave;
Nuevo Espanol;
Nuevo Mundo;
Nuevos Medios;
Number 9;
Number One Systems;
Nunney, G.;
Nuno Tome;
Nursoft;
Nussey, Ian;
Nutime;
Nuts;
Nutting, Steve J.;
Nutty;
Nyberg, Bjorn E.;
Nyitrai, Laszlo;
NyitraiSOFT;
nyuk;
O&F;
o.c.a.;
O.E.;
O.I.C.;
Oasis;
Oberhumer, Markus F.X.J.;
Oberon Group;
Oblique Strategy;
oblo;
Ocean;
Ocean - Sinclair User;
Ocean-Imagine Hellas;
OCTA Soft;
OCTOCOM;
Octocon Data;
Octopus;
Octopus, The;
odessamic;
Odin Computer Graphics;
Odin Computer Graphics - Sinclair User;
Odyssee;
Odyssey Computing;
Offeyre;
Ofites Informatica;
OHC;
Oil, Victor;
OKF;
Okoloko Engineering;
Old English;
Oldman;
Oldsoft;
oldsoft;
Olive-Branch;
Olivella, Jaime;
Oliver, Chris;
Oliver, Simon;
Olly;
olly_bfox;
Olympic;
Omega;
Omega Games;
Omega GFX;
Omega Gfx;
Omega Hackers Group;
Omega Hackers Group - Mafia;
Omega Hackers Group - Softenterprise;
Omega-Soft;
Omen;
Omikron;
Omikron-Software;
OMK S.L.;
Omni;
Omnisoft;
Omycron;
ON1KLE;
ON5KN;
ON6LJ;
Ondina, Jose Maria Gonzalez;
O'Neill, Conor;
O'Neill, Mike;
Oni Records;
Onspec;
OpalSoft;
Opera Soft;
Optical Brothers;
optimus;
Options International;
Opusdisk, G. Windt;
Orange;
Orange Enterprizes;
Ordenador Personal;
Ordenador Personal, El;
Organizm;
Origin Systems;
Origin, Oleg;
Original Computers Association;
Original Computers Associaton;
Orijon;
Orion;
Orion Data;
Orlando Anibal Filadelfi;
Oronda Panza Soft;
Orpheus;
Orson;
Orwin;
Osborn, N.J.;
Osborne, Darren;
Osborne, Lee;
Oscar & Spilberg;
Oscar Soft;
Oscar Systems;
OSG;
O'Shaughnessy, Lawrence;
O'Shea, Kevin;
OSSoft;
Otava;
Otter, Richard;
Outland Corp;
Outlaw;
Outlet;
Outsiders;
ovich;
OVV Rack;
Owen, Andrew;
Owen, B.C.;
Owen, Simon;
Owen, T.J.;
Oxborough, R.J.;
Oxford Computer Publishing;
Oxford Computer Systems;
Oxford Group;
Oxford Technologies;
Oz;
OZ1BII;
P&M;
P&M Designs;
P.B.;
P.B. Soft;
P.C.G. Computer;
P.D.A. Systems;
P.J.;
P.J.S.;
P.M.S;
P.N.;
P.O. Box 64;
P.O.B.;
P.O.V.;
P.P. Minio;
P.R.;
P.R. Computer;
P.S. Newby;
P.W.;
P7S;
PAB;
Pablo, Hernan;
Pabon, Luis;
PAC Soft;
Pacchiarotti, Mario;
Pace;
Pachler, A.;
Pacific;
Pacific Data Images;
Pagani Massimo;
Pagesoft;
Paint World;
PAL;
Palace;
Palacios, Francisco Javier Bravo;
Palacios, Luis Felipe Sanchez;
Paladin;
Palamar;
Palantir Programs;
Palas;
Palbo, Rasmus;
Palsoft;
Paltusov, D.;
Pan Books;
Panc;
Panda;
Pandora;
Pandovisia;
Panic;
Panik;
Pansoft;
PAPA;
Papermac;
Papersoft;
Papillon;
Para, Francisco Javier Rodriguez;
Paradise;
Paradise - Tutty;
Paradox;
Paramount, J.B.;
Paraninfo Soft;
Parfenov, Oleg;
Parinov, Denis;
Paris, M.A.;
Parker;
Parker, Quintin;
Parkes, Steve;
Parkes, Steve 'sparkes';
Parkgate Publishers;
Parks, Brian;
Parr, Steve;
Parsler, Justin;
Parsons, Neil;
Partnership, M. Price Kayem;
Partyline;
PASA Soft;
Pasesoft;
Pass, Jim;
Patisoners;
Patman;
Patocka, Mikulas;
Patocka, Mikuls;
Paton, James;
Patrick;
Patrick Shaughnessy;
Patrick Wigfull;
Patterson, Angus;
Patxi Projects;
Paul Coyle;
Paul O'Brian;
Paulin;
Pavel Kislak;
Pavicevic, Milan;
Pavlovic, Aleksandar;
Pawson, N.D.;
Pawson, Neil D.;
Paxman Promotions;
Payndz;
PB Systems;
pcb;
PCBs;
PCG;
PDF;
PDQ;
PDT;
Peacock;
Peak Mathematics;
Peak Services;
Peaksoft;
Peaktek;
Pearcy, Daren;
Pearl;
Pearmain, Rob;
Pearn, N.;
Pearsons Computing;
PeaSea;
Peekay;
Peeny Pad;
Pegasus;
Pegg, David;
Pego-Busy;
Peker Computers;
Pelaez, Andres Viedma;
Pelaez, Lucas;
Pelagon;
Penazo Soft;
Penedo, Nuno Miguel;
Penguin Books;
Penguin Study;
Penn, D.C.;
Pennell, Andrew;
Pensoft;
Pentacle;
Pentagram;
pentagram;
Peppa Pig;
Pepsi Soft;
Pera Putnik;
Pera, Toni;
Peralta, Jorge;
Percival, Jamie;
Percival, Jamie 'Scribbler';
Perestroika;
Perez-Schofield, Jose Baltasar Garcia;
Perfection;
Perlmutter, Gary;
Perpetum;
Perring, S.;
Personal Computer Games;
Personal Computer News;
Personal Computer World;
Perspective Group;
Persson, Lars;
Pertsovsky, Misha;
Pesek, Bohumil;
Pete;
Peterlin, Matjaz;
Petrola, Fernando;
Petrov, Max;
Petrov, Roman;
Petrovic, D.M.;
Pevosoft;
Pfeiffer, Kurt;
PGC;
Pgyuri;
pgyuri;
Pgyuri-WSS;
Phalas;
Phantasy;
phantasy;
Phantom;
Phantom Family;
Phantom Family Corp;
Phantomsoft;
Pharao Code Group;
Phenolftalein;
Phil Hard Productions;
Phil Reynolds;
Philicorda;
Philipoff, Denis;
Phillips, Nick;
Phillips, Paul;
Phipps Associates;
Phipps, S.;
Phoenix;
Phoenix Publishing Associates;
Phonex;
Pi;
Pick & Choose;
Pickstock, Myke;
Picosoft;
Picturesque;
Pierce, Dave;
Pigmeat;
Pikadee;
Pile, Chris;
Pilkington, G.;
Pillet, Henri;
Pilny, Zbynek;
PIM;
Pin Soft;
Pinehurst Data Studios;
Pinio;
Pipan Jure;
Pipeq Systems;
Piper;
Piranha;
Pirate;
Pirate Computing;
Pirie, Keith;
Piter;
Piti;
Pittman, Steve;
Pixel Productions;
PixelSoftware;
PKCS;
Placebo;
placebo;
Placet;
Planetarium-Chorzow;
Plansoft;
Play Games;
Players;
Players Premier;
Players Premier - Sinclair User;
Playgear Company;
Playground;
Plazastar;
Pliva, Pavel;
Plomba;
Plonba;
Plus-One;
PMCS;
PNC;
PNsoft;
Pobohex;
Pocket Money;
Podshivalov, D.;
Podtelkoff, Artur;
Pointon, Peter G.;
Poke Magazine;
Pokerface;
Pokorny, Martin;
Polanglia;
Polarsoft;
Polbrit International;
Polmer;
Polo, Antonio;
Polomint;
polomint;
Polsoft;
Poltergeist;
Polyakov, E.;
Polythene Soft;
Ponomarev S.V.;
Ponomarev, Denis;
Ponsa, Jorge Duran;
Poole, D.;
Pooley, J.;
Pooley, Walter;
Poolhost;
Poolpet;
Popov, Denis;
Poppy Programs;
Poppy Soft;
Poptsov D.;
Popular Computing Weekly;
Porter, Kevin;
Positive;
Positive Image;
Postern;
Potts, Andrew;
pottyboy;
Potz Blitz;
Pounder, Nick;
Powell, Tom;
Power;
POWER DiamonD;
Power Group;
Power House, The;
Power of Sound;
power of Sound;
Power Soft;
Power Systems;
Powerhouse;
Powerplay;
PowerSoftware;
Poxoft;
Pozzi, S.;
PR;
Practical;
Prada, Miguel Angel Garcia;
Praha, J. Olmer;
Pratt, A.;
Precision Engineering;
Precision Games;
Precision Group;
Predator;
prefim;
Preisler Industries;
Premier;
Premier Corp.;
Premium;
Prentice-Hall International;
President, The;
Presley A. Peters;
PResS Adventure, The;
Prestel Tapezine;
Prestige;
Preston, Stephen;
Price, A.;
Price, Harry S.;
Price, Tom;
Pricing Building Works;
Pride Utilities;
Priestley, Don;
Prime;
Primitive;
Primosoft;
Primoz Jakopin;
PrimyGames;
Prince, John;
Prince, Lee;
Print 'n' Plotter Productions;
Print'n'Plotter Products;
Prism Leisure Corporation;
PRISM Micro-informatique;
Prisma;
Prisoners;
Pro Hackers Dinasty;
Pro Hackers Dynasty;
Pro Soft;
Probe;
Proceeding Electronic System;
Procom;
Producciones Cicero;
Proein Soft Line;
Professional;
Professional Users;
Profisoft;
Profsoft;
Profsouse;
Prog Master;
Program;
Program Direct;
Program Factory;
Program Soft;
Programmi Italiani;
Progress;
Progress Makers Team;
Project of Fire;
Promopublications;
Propaganda;
Prophics;
Prosign;
Prosm;
Prospec;
Prospect;
Prospero;
Prostler, D.;
Protecnics;
Protek Computing;
Protocol;
Proxima;
Proxima Centauri;
Proxium;
Pryac;
Przesmycki, O.;
PS;
Psian;
Psion;
psj3809;
PSS;
PSW Soft;
Psychaedelic Hedgehog;
Psychaedelic Hedgehog - Sinclair User;
Psychic;
Psycho;
Psychosoft;
Psyclapse;
Psygnosis;
PTsoft;
Ptushka;
Pubblirome;
Puerto, Ricardo;
Puffin Books;
Pulsonic;
Purcell, David;
Purple Studios;
Purple Unicorn;
Purv;
Purvis, Antony;
Push & DGMS;
Pusica, Sasa;
Puszko, Jaroslaw;
PVA-Soft;
Pw;
PW Marketing;
PW Publishing;
Pyankov, Dmitry;
Pye, Chris;
Pyramid;
Pywell, Alan;
QBIT;
Q-Bone;
QED Systems;
QLS;
Qualsoft;
Qualtech;
Quark Data;
Quasar;
Quasimodo Soft;
Queen Soft;
Quest Microsoftware;
Questsoft;
Quickbeam;
Quicksilva;
Quim Soft;
Quinn, William;
Quinstertronic;
Quintal, Lucio Marino M.;
Quinton, L.;
R Tape;
R&B Marketing;
R&R;
R&S Compani;
R. Dannhoever;
R. Jacob;
R. Noyes;
R.A. Soft;
R.C.L.;
R.D. Foord;
R.E. Caplin;
R.E.D;
R.E.D. Sunshine;
R.E.P.;
R.F., Ian;
R.L.;
Raats;
Rabbit;
Rack-It;
Racunari;
RAD;
RAD Systems;
Radar Games;
Radastan;
Radical Alternative;
Radio Amaterski Klub YU2RVI;
Radio Student;
Radio Ventilator 202;
Radionov, Nikolai;
Radiosoft;
Radkowski, Marek;
Radovanovic Aleksandar;
Radovanovic, Aleksandar;
Rae, Kevin;
RAF;
Raf;
RafaSoft;
Rafii Soft;
Rafiq, Khalid;
Rage Technologies;
Rai;
Raiden;
Railton, Jason J.;
Railton, Jason 'Joefish';
Rainbird;
Rainbow;
Rainbow Arts;
Rainbow Dreams;
Rainbow Research;
Rajsoft;
Rajzer, J.;
Ralfe, Simon P.;
Ram Electronics;
Ram Scan Design;
RamDOS System;
Ramex International;
RamJam Corporation, The;
Ramp;
RAMTOP;
Ramtop;
Ramtrix;
Random Records;
Random Science Crew;
Rankshigh;
Rapier, Ben;
Rapier, Ben 'Mustrum Ridcully';
Rarari;
Rasher;
Rasmer;
Rasputin PD;
Ratcliffe, S.;
Raugas, Tony;
Raven Adventures;
Raven Computer Services;
Raven, Ed;
Rawling, P.;
Raww Arse;
raww Arse;
raww arse;
Raxoft;
Ray;
Raybould, J.;
Raydac Soft;
Razzlers;
Razzlers !;
rcp;
RD Laboratories;
RDG;
RDisky;
RDS;
Rea, Andy;
React;
Reaction;
Ready Soft;
Reaktor;
Real;
Real Masters;
Real Roth;
Real Time;
Realtime Games;
Reanimator Group;
Rebelstar;
rebelstar;
Rebelstar Without a Cause;
Rebit Computer;
Rebit Soft Bank;
Rebound;
Recardo, Mat;
Recly Company;
Recover;
Red Limited;
Red Limited Drunkards Group;
Red Rat;
Red ROM Data;
Red Scorpion;
Red Shift;
Red Triangle;
Red Wolf;
Red-Baron;
Rede Soft & Hard;
Redkin, Evgeni;
Redman, J.;
ReDrive Construction;
Redwhite;
Redwood Designs;
Redwood Designs - Sinclair User;
Reelax Games;
Reeves, Emma;
Reflection;
Reflection Group;
Reflex Developments;
Reform;
Regent;
Reilly, Brian;
Reilly, G.J.;
Reinhard, Frank;
Reistel;
Reittmann, E.;
Relampago de Fuego;
RELEVO Videogames;
Relion;
REMADE Corporation;
REMSA;
Remsoft Arcade Designs;
Remsoft Arcade Designs - Sinclair User;
Renascence;
Renault;
Renegade;
Renegade - tiboh;
Renesoft;
Rennefeld, Peter;
Repixel8;
Replay;
Rerih, E.;
Reserve Co;
Resident;
Resistance;
Resoft;
RET;
retrific.com;
Retro Fusion;
Retro Gamer;
Retrobytes Productions;
Retrogames Computing;
RetroJatekos;
Retroleum;
retromad;
RetroSouls;
RetroSouls Team;
RetroSpecced;
RetroWorks;
Retroworks;
Reula, David Calandra;
Rewind Team;
RFB;
RGH;
Rhiannon's Citidal;
Rhodes, Paul;
Ribeira, J.;
Ribic, Samir;
Ricardo Dague;
Ricardo Oyon Rodriguez;
Rice, Diane;
Richard Forsythe;
Richard Shepherd;
Richard Tucker;
Richard Wilcox;
Richards, Graham;
Richards, Ian;
Richardson;
Richardson Institute;
Richardson, J.;
Richardson, Mike A.;
Richman, D.;
Richmond, Philip;
Rickard;
Ricochet;
Rider;
Ridge, Ron;
Ridings, Chris;
Ridley;
Riko Data;
Rikokun;
Rikta;
Rindex;
Ring;
Rinio, Markus;
Rino;
Rino-Soft;
RinsSoft;
Ristanovic, Dejan;
Ritchie, Gary;
Ritman, Jon;
River;
Riverside;
RM;
RML Soft;
RND;
R'n'H Microtec;
Roannae;
Roberts, David;
Roberts, F.;
Roberts, W.;
Robertson, Stephen;
ROBINSOFT;
Robinson, A.D.;
Robinson, Peter L.;
Robinsons Enterprises;
Robsoft;
Robtek;
Rocassoft Corp.;
Roche, Simon;
Rock & Soft;
Rockersuke Moroboshi;
Rockford Products;
Rock'n'Soft;
Rocky Crackingservice;
Rod G. Winfield;
Rod Jer;
Rodionov, Nicolas Y.;
Rodny, Daniel;
Rodriguez, Gustavo Brown;
Rodriguez, Jesus Alonso;
Rodriguez, Ricardo Oyon;
Roe, Steve;
Roehl, Ronald;
Roelof Koning;
Rogers, Ian J.;
Rogers, J.;
Rohloff, S.;
Rojersoft;
Rok;
Rola;
Rolf Heinen;
ROM Corp;
Romain, Nilles;
Romantic Robot UK;
Romantic Warriors;
Romas;
Rombest;
Rombo Productions;
Romborsoft;
Rome'r;
Romero, Pedro;
Romero, Santiago;
Romik;
Rose;
Rosetta;
Rosetti;
Roshchin, I.;
Roshin, Ivan;
Ross, Fraser;
Rossware;
Rothwell, Craig;
Rotronics;
Rover Soft;
Rowland, Garry;
Rowlingson, Barry;
Rowson, Derrick P.;
Roybot;
Roygbiv;
RPH;
RSM;
R-Soft;
RST7;
R-Tape;
RTD;
RU;
Ruby;
Rucksack Games;
Rudge, Matt;
Ruediger Hanke;
Rugalenko, Roman;
Rui Tunes;
Ruins of Mankind;
Rumatisoft;
Rumford, N.;
RUN;
Run Informatique;
Run Magazine;
Rune Vendler;
Runesoft;
Runsoft;
Ruppert, Jan;
RUS;
Rus;
Rush - Smash;
Rush Int.;
Rush!;
Rushall, David;
Rushforth, Ian;
Rushton, A.J.;
Rushworth, Robert;
Rusoft;
Russed;
Russell;
Russell Glasser;
Russell, A.D.;
Russian Bear Group;
Russian Soft;
Ruston, Phil;
Rutlemore Games;
RVdE;
RYA;
Rybnikov, V.;
Rybread Celsius;
Rycroft, Neal;
Rye, Ian;
Rykov, Denis;
Rylskih-ICB;
S de Soft;
S&B;
S&G;
S.D.;
S.Y.B.;
s1;
Sabe;
Sable;
Sabresoft;
Sachok, Dmitry;
Sacred Scroll;
Saga;
Saga House;
Saga Systems;
Sagesoft;
Sagittarian;
Sailer, Daniel;
Saint;
Salamander;
Sales Curve;
Salgado, Juan Antonio Paz;
Salmon Electronics;
Salt, Johnny;
Salvacam;
salvacam;
salvaKantero;
Salwan, Simon;
Sam;
Sam Barlow;
Sam Hulick;
SAM Style;
SAM Svoj Majdtor;
Samir, Ribic;
Samm, Adrian;
Samurai;
Samusoft;
SaNchez;
Sanchez, Antonio Baena;
Sanchis, Paco Lafuente;
Sandow, C.J.;
Sane;
Santurio, Rodrigo;
Saposoftware;
Sar Investment Properties;
Sargall, Graeme 'Matthew The Telephone';
Sargent, R.;
SARUG Radio Amateur Group;
Satansoft;
Satellite;
Satin Shiva Productions;
Saturnsoft;
Satyr;
Saukas, Einar;
Sauron;
Saursoft;
Sausagy-Chippleton, Herman S.P.N.;
savers;
Savers Alliance;
Saxon Computing;
SBFAQ;
SC Studio GCG;
SCAINET SOFT;
scalesmann;
Scanatron;
Scandinavian Crackers;
Scanner Productions;
Scarab Systems;
Scarborough, J.;
Scathing Soft;
Scele & Ufo;
Scene;
Scenergy Team;
Scetlander;
Scetlander - Sinclair User;
Schabenberger, E.;
Schader, Steffen;
Schapov, Yury;
Schiehl, H.;
Schimmel, K.A.;
Schissler, Bernd;
Schneider, Gerold;
Schoonenberg, W.M.J.;
Schraepel, Andy;
Schramm, Michael;
Schroter, Wilko;
Schroth, Juergen;
Schroth, Jurgen;
Schultz, Mark;
Schultze;
SciCAL;
Scicon;
Scientific;
Scimitar;
Scisoft;
Scope Designs;
Scorby Soft;
Scorpio;
Scorpio Gamesworld;
Scorpion;
Scotsoft;
SCP Hackers;
SCP'86;
SCR Adventures;
Scream Crew;
Screech, Steven;
Screen 7;
Screengraphics;
Scrimgeour, Iain;
Scripture Union, The;
SCS;
Scsibrany;
SD Micro Systems;
SDL Adventures;
Seamans;
Seamans Beer Users Hackers Group;
Season Soft;
SEC;
Sector;
Secundus;
Sedov, Andrey;
See Bee;
Seguido, Jose Antonio Fernandez;
Selec;
Sellers, Michael;
Semancik, J.;
Semaphore;
Senator;
Sendetsky, A.;
Sendy;
Sensoft;
Sentient;
Sequor;
Serachan;
Serge Oursoft;
Sergei Magera;
Sergey Entertainment;
Sergeyev, Oleg;
Sergius;
Serin;
Serious;
Serious Applications;
serious Ravers;
Serma;
Seroco Soft;
Serzhsoft;
Seurasoft;
Seven Stars Publishing;
Severn;
Sevillano, Mario;
Seward, Paul;
Seymour Systems;
SG;
SGG-Groningen;
Sgt. Pepper;
SG-TEAM;
Shades;
Shadow;
Shadow Maker;
Shadow Soft;
Shadowsshot;
Shafran;
Shailes, Francis A.;
Shaitan;
ShaMAN;
Shamsoft;
Shaos;
Shards;
Sharin, Andrey;
Sharma;
Sharples, A.;
Sharps;
Shattered Dreams;
Shaw Brothers, The;
Shaw, Gary;
Shaw, Ryan;
Sheol;
Shepelev, Anton;
Sheppard, K.R.;
Sherston;
Shirokov, Alexey;
Shiru;
Shiva Publishing;
Shock;
Shodan;
Shoemakers of Filipp;
Shop For Games;
Short, Adam;
Shorten Suite;
Shrap;
Shrsoft;
Shulwater;
Shura Code Corporation;
shuran33;
Shuric Program;
sibCrew;
Siberian Group;
Sibthorp, Robert;
Sidewinder;
Siel UK;
Sieron, Wojciech;
Sierra Charlie 04;
Sierra, Juan Alfonso Pastor;
Sievers, D.;
Sift;
Sigma Soft;
Sigma Technical Press;
Sigmasoft;
Silas;
Silberberg, Michael;
Silent Corner, The;
Silfverberg, Richard;
Silicon;
Silicon Brains;
Silicon Joy;
Silicon Tricks;
Silva Soft;
Silva, Paulo;
Silva, Paulo Mendes da;
Silver Fox Communications;
Silver Star Group;
Silverbird;
Silverlind;
Silversoft;
Sim & BonySoft;
Simba;
Simbols;
Simcic Milan;
Simmons Electronics;
Simmons, Arthur;
Simon;
Simon Micro-Soft;
Simon, Laszlo;
Simonsnake;
SimonSoft;
Simple Company;
Simplesoft;
Simply;
Simpson, Jay;
Simpson, M.;
Simsoft;
Simtron;
Sinclair Classic;
Sinclair Club;
Sinclair Gebruiker;
Sinclair Programs;
Sinclair Research;
Sinclair User;
Sindicato del;
Sintax;
Sintech;
Sinus;
Sipe;
Sir Clive and Mr ZX;
Sirius;
Sirius Group;
Sirius Logic;
SirotaSoft;
Sitting Bull;
SIV Blader;
Sivis;
Sivko, Boris;
Sizenko, Alexander;
Sizzlers;
SJS;
SKD Forum;
Skill Master;
Skrew;
Skrju;
skrju;
SKS;
SKUAT Soft;
Skyslip;
Skysoft;
Slabihoud;
Slabihoud, Stephan;
Sleepwalkers;
Slenkar;
Slider;
Sliders;
Slip;
Slogger;
Slot;
Slow Death Company;
Slowglass;
SM;
SM Indipendant;
Small School;
Smart Egg;
Smart Soft, The;
Smash;
Smash Soft;
SMasters Creative Group;
SMB;
SMC Goldseal;
SmileGames;
Smirnov, Sergei;
Smith, Bob;
Smith, Chris D.;
Smith, Clive;
Smith, D.;
Smith, David;
Smith, Derek;
Smith, Gordon;
Smith, James;
Smith, K.C.;
Smith, L.M.;
Smith, M.A.;
Smith, Matt;
Smith, Matthew;
Smith, P.R.;
Smith, R. T.;
Smith, Stephen;
Smokers;
Smokers Hackers Group;
Snap;
Snoopysoft;
Snow Man;
Sobal, Steven;
Sobot, Vatroslav;
Soccer Enterprises;
Societa Edizioni Internazionali;
Socratic;
Soft & Easy;
Soft 2000;
Soft Centre;
Soft Concern;
Soft Dreamers;
Soft Hits;
Soft Joe's;
Soft Mill;
Soft Options;
Soft Sell Computer;
Soft Spectrum;
Soft1 LC;
Softbacks;
Softbug;
Softcat Micros;
Softchoice;
SoftCrack;
SOFTEC;
Softech;
Softechnics;
Softed;
Softek;
Softek International;
Softel;
Softenterprise;
Softfar;
Softfirm;
Softhouse;
Softimar;
Softlake;
Softland;
Softlee Systems;
Softlight;
Softlink;
Softly Softly;
Softmaker Box;
Softricks;
Softschool;
SoftShop International;
Softstar;
Softstone;
Softstuff;
Softsync;
Soft-Tech;
Software Amaters;
Software Artists;
Software Atlantico;
Software Business, The;
Software BV;
Software Center;
Software Cottage;
Software Creations;
Software Editores;
Software Farm;
Software for All;
Software Home;
Software J&J;
Software Liason;
Software mb;
Software of Sweden;
Software Projects;
Software Rebels;
Software Saur;
Software Solutions;
Software Spectrum;
Software Studio;
Software Supersavers;
Softwarecete;
Softwarrior;
Softwood Programs;
Solar Publishing;
Solarsoft;
Sole Solution;
Solis, Santiago Marquez;
Sollinger, Nikolaus;
Solon;
Solsoft;
Solway;
Soly;
Somen, D.;
Son Link;
Sonderen, L. van;
Sonic;
Sonic 91;
Sonnen Verlag AG;
Soor, M.;
Sopolimer;
Soren Micros;
SOS;
Sosnowski, Marek;
Sospan Soft;
Sotnikov, Vlad;
Soult, P.;
Sound-on-Sound;
Source Solutions,;
South Coast;
Southern;
Southern Educational;
Southway;
Southworth, Rob;
SOVA;
Sovereign;
SP;
SP Enterprises;
Sp. Sonderheft;
Space Age;
Spad, Petr;
Spahl, Robert;
Spahl, Werner;
Spanburg, Scott;
Spark;
Spark, C.;
Sparklers;
Sparrow Books;
Spartan;
Spartan Sport Association;
Spartans Sports Association;
SPE;
Speccy Basher;
Speccy Boyz;
Speccy fun FOREVA !i!;
speccy.pl;
Speccysoft;
Special Playgames;
Special Program;
Special Program Soft;
Special Soft;
Special Team;
Specialist Programs;
SpecialPrograms;
Specsim;
Specsoft;
Spectec;
Spectra Computing;
Spectrasoft;
SPECTRAVENTURA;
Spectravision;
Spectraxx Tape Magazine;
Spectre;
Spectre Guys;
Spectresoft;
Spectrum;
Spectrum Adventure Exchange Club;
Spectrum Club;
Spectrum Computer Info User Club;
Spectrum Computing;
Spectrum Discovery Club;
Spectrum Electronics;
Spectrum Games;
Spectrum Holdings;
Spectrum Microbase;
Spectrum Omega;
Spectrum Pricing;
Spectrum Unemployed User Group;
Spectrum User;
Spectrum User Club Wuppertal;
SpectrumSysWare;
Speculator;
Speed Code;
speedway;
Speedy Print;
Speel, S. Robert;
Spencer;
Spencer, D.;
Spencer, Kenneth A.;
Spermasoft Masturbatories;
Sphere;
Spheresoft;
Spider Games;
Spidersoft;
Spike;
SpinalSoft;
Spinnaker Corporation;
Spiral;
Spiridonenko M. V.;
Spiridonenko MV;
Spiridonenko, M.;
Spirit;
SPL;
Spoof;
Spoozilla;
Spork, Maz H.;
Sport & Racing;
Sport-Sim;
Sportsoft;
Sprites;
SproD;
Sproston, Phillip;
Spud;
Sputnik, Dr.;
Spuunup, Hajo;
SQ;
Square Peg;
SSC-Soft;
Ssoft;
SSS;
St. Bride's School;
St. Michael;
Stack Computer Services;
Stafford, John;
Stalker;
Stall Studio;
StalVs;
Stancevic, Miodrag;
Stangroom, Chris;
Stankisoft;
Staples, D.;
StapleSoft;
Stapp, Tonnie;
Star;
Star Dreams;
Star Group of Prestige;
Starcade;
Starcomp;
Starcrash Systems;
Stardust;
Stargate;
Starkov, Pavel;
Starlight;
Starlite;
Stars;
Stars of Keladan;
Stars Spectrum;
Starsoft Educational;
StarterSoft;
Startgame Soft;
Starzone;
STAS;
State Soft;
Static Soft;
Status;
STD;
Ste, Nichol;
Stead, Roy;
Steam Railway Simulations;
Stecki, Piotr J.;
Steel Falcons;
Steel, S.;
Steele, J.A.;
Stefan Blixt;
Stelding, Charles;
Stell;
Stellar;
Stellar Company;
Stellar Services;
Stels;
STEP Creative Group;
Step Creative Group;
Stepanek, Martin;
Stepanenko, D.J.;
Stepanoff, Eugene;
Stephen Hartley;
Stephens, Robin E.;
Stephenson, M.;
Stepsoft;
Sterling;
Sterling Endeavours;
Stessun, Juergen;
steve;
Steve Brown;
Steve 'spt';
stevebroad;
Stevens, Gordon;
Stew, David J.;
Stewart Jones;
Stewart, Colin;
Stewart, Eric;
Stewart, Iain;
Stewart, Ian N.;
Steyn, Johan;
Stich, Ivan;
Stidwell, J.M.;
Stillo, C.;
Stills, S.;
Stimson, Gary;
Stinger;
Stivsoft;
STN Beer Users;
Stobbe, R.;
Stock Exchange, The;
Stocksoft;
Stonechat Productions;
Stonner, F.;
STOP Informatica;
Storey, Andrew;
Storm;
Stormbringer;
Storton, T.;
Stovring, Henrik;
Stragnell, Ben;
Strange Loop;
Stranger;
Strangers Group;
Stratic;
Stream Hackers;
Strecker, Rolf;
Streetwise;
STRG;
Strobe;
Strudwick, D.R.;
Strunov, Vyacheslav V.;
Stuart Adair;
Stuart Moore;
Stuart, Nigel;
Studak;
Studio 7;
Studio Computerowe Koala;
Studio 'Godness of Destany';
Studio Koala;
Studio Stall;
StupidiuS;
Stuttard;
Style;
Style Group;
Style Soft;
Sugar Loaf;
Suggitt, G.H.;
Sulis;
Sullivan, Anne 'Two taps';
Summer Solstice;
Summit;
Sun Corp.;
Sun Soft;
Sun, M.P.;
Sunny Tram;
Sunshine Books;
Sunteam;
sunteam;
Super Sparklers;
Super Spectrum;
Superior;
SuperSoft;
Supersoft;
Supersoft Systems;
Supervisor;
Supremo;
Surdakar Group;
Surna, A.;
Survivor;
Sussex;
SUUG;
Suzuki-Sanders, David 'b00mzi11a';
Suzy Soft;
SVC;
Svenska Soft Service;
Sver, Dalibor;
Svet Kompjutera;
Svosatasoft;
Swainy;
Swan, John;
Swann, David;
Swann, Richard;
Swannsoft;
Swap;
Swashbuckling Disappointment;
Sweeney, Gerard;
Swescot;
Swiecie Company;
Sword;
Sybilasoft;
Sydney, R.;
Sygma Press;
Sykes, Martin;
Synacroop;
Sync;
Syndicate;
Syndrome;
System;
System 3;
System 4;
Systematic;
System-Soft;
Szafran;
Szafran Soft;
T$RI;
T, Cliffy;
T.C.G.;
T.D.F. micro-visions;
T.D.M.;
T.E.R.M.;
T.O.M.;
T.S.;
TAD;
Taft, C.;
Tai Soft;
Takis;
Talan, Tomislav;
Talbot, Derek;
Taller de Aplicaciones Informaticas;
Tamsoft;
Tanglewood;
Tangram design;
Tankard;
Tansoft;
Tape Gallery, The;
TAPfile;
Tapster, P.;
Taranovsoft;
Tarantino Films;
Taras;
Tarasov, Mikhail;
Tardis Computing;
Tardis Remakes;
Target;
Target Team;
Tartan;
Tarzan Boy;
Taskmaster;
Taskset;
Tasman;
Tasoft;
Tasteless Games;
Tatlock, Lee;
Taurus;
Taurus Computer Design;
Tawny;
Tayles, Russ;
Taylor;
Taylor, Alex;
Taylor, J.;
Taylor, M.;
Taylor, Steve James;
Taylor, Terry;
Taylor, Trevor;
Taylorsoft;
TCS;
TDM;
Teachers Pet;
Team Site;
Technical;
Technium 220;
Techno Lab;
Techno Space;
Techno Time;
Technol Computing;
Technology Research;
TechnoSoft;
Technotime;
Technotop Graphics;
Tectonic;
Tectrics;
Teenware;
Tejedor, Pablo and Jaime;
Tele France Video Club;
Temptation;
Tempus;
Tencati, A.;
Teng, K.C.;
Tenkolek;
Teo Kwang Liak;
Tera;
Terminal;
Terminal Publicaties;
Terminator;
Terramare;
Tester, Pete;
Teterin, Konstantin;
Tetrachloride, Equinox;
Texgate Computers;
textvoyage;
TFF Team;
TGM;
TGM Crew;
Th. Dargell;
Thalamus;
Thargon Computations;
THD;
Theakston, J.;
THEDAR Works;
Theo Devil;
Theo's Micro-Engineering;
Therac25;
Therak-25;
thesuper;
thesuperb;
Thetford Crime Prevention Panel;
Thiel, Patrick;
Thies Language;
Think Tank Educational;
Thomas';
Thomas, D.;
Thomas, Peter;
Thomas, R.;
Thompson, Chris;
Thomson, Chris;
Thor Computer;
Thorlby, Daniel;
Thorn EMI Video;
Thornber, E.;
Threlfall & Hodgson;
Thrydhent Vision Systems;
THS;
Thunderteam;
ThunderWare Research Center;
Thurnall Electronics;
Tiboh;
tiboh;
Tidd;
Tidley, Dave;
Tietze, Daniel;
Tiger's Claw;
Tilbury, C.;
Tilt;
Tim Johns;
Time Keeper;
Time Travels;
Timedata;
Timescape;
Timex Portugal;
Timmy;
Timoti;
Timur Company;
Tinbin Garbage Production;
Tinsley, Robert;
Tiny Bug;
Tir;
Tishkov, Peter;
Titan Programs;
Titanic;
Titov, Aleksandr;
Titov, Andrey;
Titov, M.;
Titus;
Tivadar Radacsy;
Tjernstrom, Peter;
Tk Computerware;
Tlauli-ran;
TM Corp;
TmK;
TM'M Studio;
TMX Portugal;
TNT;
TNT Sector;
TNYsoft;
Tobianski, B.;
Todd S. Murchison;
Todhunter, P.;
Todospectrum;
Toftwood;
Togyaf;
Toland, P.;
Tolland, P.;
Tom;
Tom Shipman Supplies;
Tomato Girl Services;
Tomlin, R.;
Tomoco;
Tomorrow;
Tomorrow's Dream;
Tom's Cracking Service;
Toms, Kevin J.M.;
Tonks, Lee;
Too Trek Moscow S.N.G.;
Toolkitman;
Toolkitsman;
Top Games;
Top Shots;
Top Soft;
Top Spec;
Top Ten;
TopGraph;
Topo Siglo XXI;
Topo Soft;
Topologika;
Torasoft;
Torchraven;
Torg;
Tornado;
Torregrossa, G.;
Torres, Alberto Perez;
Total Computer Gang;
Total Eclipse;
Totoro;
Touch Down!;
Touchmaster;
Tower;
Townsend, Clive;
TPA Computer Services;
Traff's;
Training Research International;
Transform;
Transman;
Trash Soft;
Traves del Espejo, A;
TRC;
Treasure;
Trebon Compani;
Trellis;
Trevisan, Matteo;
Triant Games;
Tribune;
Tricoder Cambridge;
Tricuspid Systems;
Trident;
Triebkraft;
triebkraft;
Triffid Research;
Trilog;
Trinity;
Triple R Education;
Triple Six;
Triptych Publishing;
Triton;
triumph;
Triumph Game Labs;
Trius;
Trojan Products;
Trolls;
Tronix;
Trubinov, P.;
True Video;
Trunov, Pavel;
Tsalapov, Eugen;
TSB;
TSF's Workshop;
Tsimbaluk, Vitaliy;
Tsunami Group;
Tu Micro;
Tuc;
Turbo Game;
Turnbull, Alan;
Turner, A.;
Turner, Bob;
Turner, G.;
Turner, Robert;
Turtiainen, Tero;
Turtle;
Turvey, Allan;
Tutorial;
Tutto Spectrum;
Tuzov, I.;
TV Games;
TV Soft;
Tweety Soft;
Twibright Labs;
Twig Systems;
Twin Peaks;
Two Bears;
TX;
Tygrys;
Tynesoft;
Tyrrell, Glenn Strong and Malcolm;
Tyrrell, Malcolm;
Tzvetkov, Ventzislav;
U.D.G.;
U.L.G.;
U.Ph.;
U.S. Gold;
U.S. Gold  R.L.;
U.S. Gold - Your Sinclair;
U.S.W.;
U.T.S.;
U99;
ub880d;
Ubhres Productions;
Ubi Soft;
Ubik;
Uburrg;
Ucero, Carlos Garcia de Paredes;
UCM Group;
UDG Games;
UFO Group;
uglifruit;
UK Home Computing;
UK Lead;
ukscene Allstars;
Uloth, P.;
Ultimate Play The Game;
Ultrasoft;
Ultravideo;
U-Microcomputers;
Unbelievables, The;
Underground Systems;
Understanding;
Unicorn;
Unicorn Research;
Unicorn Soft;
uniMicro;
Uninstall Team;
Unique;
Unique Computer Services;
UniSoft;
Unit 2;
United Coders;
United Minds, The;
Universal Computer Research;
Universal Soft Group;
University;
Universum;
unsatisfactory;
Upsoft Co.;
Uranium Soft;
Urban, Armin;
Urbicain, Jaime Cristobal;
Uros Justin;
Usborne Publishing;
USC Team;
usebox.net;
Useless Soft;
Utopia;
UV;
UVS;
V&H Computer Services;
V&M Soft;
V. Minevsky;
V.D.G.;
V.D.V. Corp;
V.T.R.;
Vaba;
Vacaloca;
Valdir;
Valente Computacion;
Valero, Alejandro;
Valero, Federico J. Alvarez;
Valery;
Valuesoft;
Valverde, Roberto;
Vanbsoftware;
Vaque, Jose Antonio;
Vaqu?, Jos? Antonio;
Varesio, Marco;
Vashin, Aleksey;
Vasilevskij, Vladimir;
Vasilyev, M.;
VAV;
Vavrinec, Jozef;
Vaxalon;
VD Program;
Vectis;
Vectorsoft;
Vega Space Systems;
Vegas;
Vegh, Miklos;
Veith, Karl;
Vektor;
Velez;
Velsoft;
Venn;
Venny;
Venom Games;
Ventamatic;
Ventura, Luis Ignacio Garcia;
Venturesoft;
Veremeenko;
Verlag, Max Hueber;
Vessey, Patrick;
Vetytnev, Alexey;
VIC;
Vicente, Jose Damian de la Flor San;
Victagraphics;
Victory Computing;
Vidal, Jesus Pedrosa;
Vidal, Saturnino Diz;
Video;
Video Force;
Video Images;
Video Leisure;
Video Productions;
Video Showcase;
Video Spectrum;
Video Vault;
Videofex;
Videograf;
VideoSpectrum;
Vidicode;
Vidipix;
View;
Vieyto, David Fraile;
VII Soft Computer Services;
Viking;
Viking Mikrosystemer A.S.;
Vila, Jose M. Ferrandiz;
Villalobos, Eduardo Jose;
Villena, Antonio;
VIM Micro Systems;
Vinsoft;
Vinuela, Alberto;
Viper;
Virgin Books;
Virgin Espana;
Virgin Games;
Virgin Mastertronic;
Virt Group;
Virtual Brothers;
Virtual Masters;
Virtual Reality;
Virtual Vision Group;
Vis Telesoftware Service;
Visiogame;
Vision;
Visions;
Visions Factory;
Visual;
Visual Dimensions;
Vitaly Computer Company;
Vitamin;
Vitamina;
VJ Soft;
Vlad Corp;
Vladimir;
Vlak & Co.;
Vlama;
Vlcek, Tomas;
VMS Pirat & Co;
VNN;
VO2;
Vodicka, Martin;
Voicesoft;
Volga Soft;
volga Soft;
Volvach, Dimitry;
Vondracek, Jiri;
Vonsoft;
VooDoo;
Vorobyev, Nickolay;
Vortex;
Vovk Vyacheslav;
Voyager;
Vrcholi;
VRCP Corporation;
Vries, M. de;
VS Prog Group;
VT Services;
VTS;
Vulcan;
VVS;
VVV Soft;
W.A.R. Group;
W.P.K. Zielonka;
Wade, Philip;
Wadsworth, Stephen;
Wainwright, S.J.;
Wakeman, Alan;
Walboff, G.;
Walker, M.;
Wallace;
Wallace, Niall;
Wallace, Norman;
Wallington, A.;
Wallks;
Wallner, Oliver;
Wallsoft;
Walltone;
Walrus Computing;
Walsh, Chris 'BloodBaz';
Walsh, Chris 'Windmill';
Walshware;
Walter, A.;
Walters, B.;
Walton, David R.;
Wanderer;
Wang, N.;
War On Want;
Ward, Gary E.;
Warlocks;
WarLocks Group;
Warmastyle;
Warszawskie Wydawnictwo Prasowe;
Wasp;
Watashi, Riko;
Waterman, Jim;
Watkins, Huw;
Watson Services;
Watson, Andrew;
Watson, Andy;
Watson, D.;
Watson, Dave;
Watson, G.L.;
Watson, Steve;
Watts, Franklin;
Watts, R.;
Wave;
Waveney;
Wazertown Works;
WB;
wbr;
WD;
WE;
WE Group;
Wearmouth, Geoff;
Weatherley, James;
Weaversoft;
Webb, David M.;
Webco;
Websters;
Wedeking, E.;
Weetabix;
Weigner, J.;
Weird Science;
Welcome Corporation;
Welichutin, Nikolas;
Wells, Paul;
Werewolves;
Werewolves Graphics;
Wessexsoft;
West Midlands County Council;
West, M.;
Westbourne Business Systems;
Westcott, Matt;
Westcott, Matthew;
Westerland, Kurt Windolf;
Westex Electronics;
Westhead, John;
Westridge Communications;
Westwood, Steve;
Westy Productions;
WH Smith;
Whalkira;
What Now Tapezine;
Wheen, Richard;
Whitby, B.;
White Eagle;
White Panter;
White, B.;
White, John F.;
White, Martin D.;
Whitethorn;
Whitfield, James;
Whiting, J.A.;
Whitsey, Trevor;
Whittle, Jim;
Whiz Bang;
Whizkid;
Whizz Quiz;
Wicked;
Wicosoft;
Widgit;
Wightman, A.;
Wihlborg, Michael;
Wilczek, Tadeusz;
Wild;
Wild, Eddie The;
Wildest Dreams;
Wilkinson, A.J.;
Wilkinson, R.J.;
Will;
Willams, Mark;
Willden Computer Programs;
William J. Shlaer;
William Stuart Systems;
Williams Technology;
Williams, B.;
Williams, Jim;
Williams, M.;
Williams, R.;
Williamson, J.S.;
Willis;
Willowbank Computing;
Willysoft UK;
Wilson, A.N.;
Wilson, Carl;
Wilson, Davey;
Wilson, Grant;
Wilson, Matthew;
Wimsoft;
WIN;
Windosoft;
Window, R.;
Winner;
Winters;
Wintersoft;
Winterthur Vida;
Wise Man;
Wishart, G.;
Wishart, Garry;
Wishers;
Wiskisoft;
Wisskirchen, Stefan;
WitchCraft;
Witchcraft Creative Group;
Without Denomination Group;
Wittek, Ludovit;
Wittkopf;
Wittkopf, Reinhard;
Witzgall, Peter;
Wizard;
Wizard Computer Games;
Wizard Supersoft;
Wlodarczak, Dariusz;
Wlodek;
Wlodek Black;
Woicke, H.J.;
Wojtek Bialek;
Wojtsoft;
Wojtus;
Wolf Pack Hackers Group;
Wolfgang Fleischhauer und Nils Korber GbR;
Wolforce Soft;
Wolters;
Womack Computer Systems;
WoMo-Team;
Wompa;
Wondersoft;
Wood, Julian R.E.;
Wood, M.;
Wood, Peter;
Woodcock, Colin;
Woodmass, Mark;
Woods, Nigel;
Woodward, C.P.;
Woodwynd;
Woody;
Wookiee;
Woolworths;
WOPR2K;
Wordsworth;
Work Force;
World Eyes Group;
World XXI Soft;
Wr. Agostini;
Wredosoft;
Wrench;
Wright, Brian William;
Wrightchoice;
Wyatt, Chris;
Wyatt, James;
Wye Valley;
Wye, Tony;
Wynne, Mike;
Wyplan;
Wyvern;
X;
Xaviersine;
Xcellent;
Xenon;
Xenopunk;
XFAWORLD;
X-Files Hackers Group;
XfoeZ;
Xiphias Soft;
XL-Design;
XLNC;
X-Masters;
Xor Soft;
Xor, Alex;
XORsoft;
Xortrapa Soft;
Xplosive;
X-Prog;
X-Project Association;
X-Rated;
XRI Systems;
X-Theme;
XTM;
X-Trade;
X-Trade Group;
Xtremely Xplicit;
XXX;
XyZ;
Y. Kovalevsky;
Y.C;
Yates, Alan;
Yates, Damion;
Year Zero;
Yes!;
Y-Not;
Yoav Kaveh;
Yodasoft;
yolpa Brothers;
Yolpa Brothers Productions;
Yolpa Brothers, The;
yombo;
Yorrix;
Yoshiatom;
yoshiatom;
Young, Chris;
Young, John;
Young, Mike;
Young, S.G.;
Younger;
Your Computer;
Your Sinclair;
Your Spectrum;
YOX;
YRS;
YSK;
YU3TRC;
Yudincev, Igor;
Yunior Soft;
YU-Soft;
Yuvjenko, Vladistlau;
Z Cobra;
Z80 Pros;
Zack;
Zafi Chip;
Zafiro Division;
Zagruvaetsq;
Zakiagatgo;
"Zaklady Mechaniczne ""Ursus""";
Zaniboni, Marcello;
Zapacsoft;
Zarsoft;
Zavagli, Fabrizio;
Zavgorodniy, Alexander;
Zavod za Ucbenike;
Zavod za Udzbenike i Nastavna Sredstva;
ZB;
ZC;
Zdeno & Peter;
Zebra Systems;
Zecut0r;
ZedXtra;
Zeissler, R.;
Zeljko Juric;
Zeljko, Robert;
Zen;
Zenitcentrum HZ UV SSM;
Zenkov, Mihail;
Zenobi;
Zeppelin Games;
Zeppelin Premier;
Zer0;
Zer0 International Association;
Zero-Plus;
Zeropolis Element;
ZeroTeam;
Z-Extra;
Zezschwitz, Hans Georg;
Z-Group;
Zhiglov, Andrew;
Zhivilov, Dmitriy;
Ziberov, Oleg;
Ziehms, H.;
Ziewe, Jurgen;
Ziga Turk;
Zigurat;
zilogat0r;
Zimmermann, Jara da;
Zircon;
Znahar;
Zodiac;
Zoetway Computer Music;
Zoff;
Zohmann, Friedrich;
Zombusters Crew;
Zoo;
ZOTK Slovenije;
ZOTKS;
Zotova, Natasha;
ZozoSoft;
Zpixel Stuff;
ZS;
ZSME;
Zuliani, Gianfranco;
Zwart, E.J.;
ZX;
ZX Bugs;
ZX Computing;
ZX Data;
ZX Files;
ZX Freeq;
ZX Machine Code Users Club;
ZX Maniacs;
ZX SAS (Serious Application);
ZX Soft;
ZX Spectrum Club;
ZX Top Service;
ZX User Club;
zx_fresh;
ZX_Novosib;
ZXAAA;
ZXF;
ZX-Guaranteed;
ZXIF;
ZX-Legion;
ZX-Masters;
ZX-Power;
ZXS;
ZX-SOFT Brasil;
ZX-Software;
ZX-Studio;
Zyczkowski, Stefan;
Zyx;
Z-Zero Systems;
